-- level
INSERT INTO ProjectsHub_level (id, level_name) VALUES (1, '1st');
INSERT INTO ProjectsHub_level (id, level_name) VALUES (2, '2nd');
INSERT INTO ProjectsHub_level (id, level_name) VALUES (3, '3rd');
INSERT INTO ProjectsHub_level (id, level_name) VALUES (4, '4th');
INSERT INTO ProjectsHub_level (id, level_name) VALUES (5, '5th');

-- department
INSERT INTO ProjectsHub_department (id, department_name) VALUES (1, 'Department of interior design and furniture');
INSERT INTO ProjectsHub_department (id, department_name) VALUES (2, 'Department of industrial design');
INSERT INTO ProjectsHub_department (id, department_name) VALUES (3, 'Department metal products and jewelry');
INSERT INTO ProjectsHub_department (id, department_name) VALUES (4, 'Department of advertising');

-- semester
INSERT INTO ProjectsHub_semester (id, semester_name, year, start_date, end_date) VALUES (1, 'Fall', 22, '1661990400000', '1672531200000');
INSERT INTO ProjectsHub_semester (id, semester_name, year, start_date, end_date) VALUES (2, 'Spring', 23, '1675209600000', '1688169600000');
INSERT INTO ProjectsHub_semester (id, semester_name, year, start_date, end_date) VALUES (3, 'Summer', 23, '1689379200000', '1693526400000');

-- account types
INSERT INTO Core_accounttype (id, account_type) VALUES (1, 'student');
INSERT INTO Core_accounttype (id, account_type) VALUES (2, 'instructor');
INSERT INTO Core_accounttype (id, account_type) VALUES (3, 'admin');

-- current users
INSERT INTO Core_user (id, password, last_login, is_superuser, username, first_name, last_name, is_staff, is_active, date_joined, email, account_type_id) VALUES (1, 'pbkdf2_sha256$600000$IphchGbKzeR0wIERoqteEP$mOMpcjMMEI1D8yJsNTAIo2/3hh0MmiHa54ICKy1CzpE=', '2023-05-07 07:12:11.985968', 1, 'zicox', '', '', 1, 1, '2023-05-06 21:19:15.241948', 'zicox@o6u.edu.eg', 1);
INSERT INTO Core_user (id, password, last_login, is_superuser, username, first_name, last_name, is_staff, is_active, date_joined, email, account_type_id) VALUES (2, 'pbkdf2_sha256$600000$bHBRwYMltms1ahWKSEufJ0$a21STfs/3YEkXk5ciA2xDogwjVWlQcbuPK01HPtFRSI=', null, 0, 'zicoxs', 's', 's', 0, 1, '2023-05-07 02:42:21.140766', 'zeko.soon@o6u.edu.eg', 1);
INSERT INTO Core_user (id, password, last_login, is_superuser, username, first_name, last_name, is_staff, is_active, date_joined, email, account_type_id) VALUES (3, 'pbkdf2_sha256$600000$JTD7M1lZcT7yNy9HtSiJPM$Ubf+nbbW/zACiCA9A8Y2mKE4d+Bwon5Y/SupYG+PgpU=', null, 0, 'te7a', 'Te7a', 'Te7a', 0, 1, '2023-05-07 02:44:07.805730', 'te7a@o6u.edu.eg', 2);
INSERT INTO Core_user (id, password, last_login, is_superuser, username, first_name, last_name, is_staff, is_active, date_joined, email, account_type_id) VALUES (4, 'pbkdf2_sha256$600000$IKuBauQNYLc3VdEIq0TVCt$gcuHG+dFHAXe4B1kn/GtHDg1er1/XpdJr6rYLWwN+D4=', null, 0, 'zicoxsd', 'Ahmed', 'Zakaria', 0, 1, '2023-05-07 02:57:26.661750', '202002452@o6u.edu.eg', 2);
INSERT INTO Core_user (id, password, last_login, is_superuser, username, first_name, last_name, is_staff, is_active, date_joined, email, account_type_id) VALUES (5, 'pbkdf2_sha256$600000$GmkkkpI3hJ3vTJKssN8Lfj$NHsrhHqVelXORttUmT1/HFqsTIM+vkG3JgLkG5I09HY=', null, 0, 'zicoxsss', 'Ahmed', 'Aziz', 0, 1, '2023-05-07 03:01:10.619107', '202015503@o6u.edu.eg', 1);
INSERT INTO Core_user (id, password, last_login, is_superuser, username, first_name, last_name, is_staff, is_active, date_joined, email, account_type_id) VALUES (6, 'pbkdf2_sha256$600000$SwkI5oKMxCWxf7Xfd15K3R$KDuNfmJzR4EpJiLHGbrk0LpbdeMadd1ag3RvwzrpthI=', null, 0, 'zicoxsssd', 'Ahmed', 'Aziz', 0, 1, '2023-05-07 03:02:32.828081', 'zeko.son@gmail.com', 1);

-- student user

insert into Core_user (id, password, last_login, is_superuser, username, first_name, last_name, is_staff, is_active, email, account_type_id, date_joined) values (7, 'pbkdf2_sha256$600000$IphchGbKzeR0wIERoqteEP$mOMpcjMMEI1D8yJsNTAIo2/3hh0MmiHa54ICKy1CzpE=', '2023-05-07 03:02:32.828081', 0, 'ahowse0', 'Alysa', 'Howse', 0, true, 'ahowse0@howstuffworks.com', 1, '2023-05-07 03:02:32.828081');
insert into Core_user (id, password, last_login, is_superuser, username, first_name, last_name, is_staff, is_active, email, account_type_id, date_joined) values (8, 'pbkdf2_sha256$600000$IphchGbKzeR0wIERoqteEP$mOMpcjMMEI1D8yJsNTAIo2/3hh0MmiHa54ICKy1CzpE=', '2023-05-07 03:02:32.828081', 0, 'rbartrop1', 'Renaud', 'Bartrop', 0, false, 'rbartrop1@zdnet.com', 1, '2023-05-07 03:02:32.828081');
insert into Core_user (id, password, last_login, is_superuser, username, first_name, last_name, is_staff, is_active, email, account_type_id, date_joined) values (9, 'pbkdf2_sha256$600000$IphchGbKzeR0wIERoqteEP$mOMpcjMMEI1D8yJsNTAIo2/3hh0MmiHa54ICKy1CzpE=', '2023-05-07 03:02:32.828081', 0, 'aballston2', 'Arvin', 'Ballston', 0, true, 'aballston2@deviantart.com', 1, '2023-05-07 03:02:32.828081');
insert into Core_user (id, password, last_login, is_superuser, username, first_name, last_name, is_staff, is_active, email, account_type_id, date_joined) values (10, 'pbkdf2_sha256$600000$IphchGbKzeR0wIERoqteEP$mOMpcjMMEI1D8yJsNTAIo2/3hh0MmiHa54ICKy1CzpE=', '2023-05-07 03:02:32.828081', 0, 'chitschke3', 'Chen', 'Hitschke', 0, false, 'chitschke3@webnode.com', 1, '2023-05-07 03:02:32.828081');
insert into Core_user (id, password, last_login, is_superuser, username, first_name, last_name, is_staff, is_active, email, account_type_id, date_joined) values (11, 'pbkdf2_sha256$600000$IphchGbKzeR0wIERoqteEP$mOMpcjMMEI1D8yJsNTAIo2/3hh0MmiHa54ICKy1CzpE=', '2023-05-07 03:02:32.828081', 0, 'bduetschens4', 'Benedick', 'Duetschens', 0, true, 'bduetschens4@freewebs.com', 1, '2023-05-07 03:02:32.828081');
insert into Core_user (id, password, last_login, is_superuser, username, first_name, last_name, is_staff, is_active, email, account_type_id, date_joined) values (12, 'pbkdf2_sha256$600000$IphchGbKzeR0wIERoqteEP$mOMpcjMMEI1D8yJsNTAIo2/3hh0MmiHa54ICKy1CzpE=', '2023-05-07 03:02:32.828081', 0, 'rlower5', 'Reider', 'Lower', 0, false, 'rlower5@comsenz.com', 1, '2023-05-07 03:02:32.828081');
insert into Core_user (id, password, last_login, is_superuser, username, first_name, last_name, is_staff, is_active, email, account_type_id, date_joined) values (13, 'pbkdf2_sha256$600000$IphchGbKzeR0wIERoqteEP$mOMpcjMMEI1D8yJsNTAIo2/3hh0MmiHa54ICKy1CzpE=', '2023-05-07 03:02:32.828081', 0, 'kpunch6', 'Kasey', 'Punch', 0, true, 'kpunch6@irs.gov', 1, '2023-05-07 03:02:32.828081');
insert into Core_user (id, password, last_login, is_superuser, username, first_name, last_name, is_staff, is_active, email, account_type_id, date_joined) values (14, 'pbkdf2_sha256$600000$IphchGbKzeR0wIERoqteEP$mOMpcjMMEI1D8yJsNTAIo2/3hh0MmiHa54ICKy1CzpE=', '2023-05-07 03:02:32.828081', 0, 'gsiehard7', 'Giuseppe', 'Siehard', 0, true, 'gsiehard7@wikipedia.org', 1, '2023-05-07 03:02:32.828081');
insert into Core_user (id, password, last_login, is_superuser, username, first_name, last_name, is_staff, is_active, email, account_type_id, date_joined) values (15, 'pbkdf2_sha256$600000$IphchGbKzeR0wIERoqteEP$mOMpcjMMEI1D8yJsNTAIo2/3hh0MmiHa54ICKy1CzpE=', '2023-05-07 03:02:32.828081', 0, 'jodde8', 'Jackie', 'Odde', 0, false, 'jodde8@webs.com', 1, '2023-05-07 03:02:32.828081');
insert into Core_user (id, password, last_login, is_superuser, username, first_name, last_name, is_staff, is_active, email, account_type_id, date_joined) values (16, 'pbkdf2_sha256$600000$IphchGbKzeR0wIERoqteEP$mOMpcjMMEI1D8yJsNTAIo2/3hh0MmiHa54ICKy1CzpE=', '2023-05-07 03:02:32.828081', 0, 'rpilley9', 'Robinia', 'Pilley', 0, false, 'rpilley9@printfriendly.com', 1, '2023-05-07 03:02:32.828081');
insert into Core_user (id, password, last_login, is_superuser, username, first_name, last_name, is_staff, is_active, email, account_type_id, date_joined) values (17, 'pbkdf2_sha256$600000$IphchGbKzeR0wIERoqteEP$mOMpcjMMEI1D8yJsNTAIo2/3hh0MmiHa54ICKy1CzpE=', '2023-05-07 03:02:32.828081', 0, 'abolivera', 'Ameline', 'Boliver', 0, false, 'abolivera@vk.com', 1, '2023-05-07 03:02:32.828081');
insert into Core_user (id, password, last_login, is_superuser, username, first_name, last_name, is_staff, is_active, email, account_type_id, date_joined) values (18, 'pbkdf2_sha256$600000$IphchGbKzeR0wIERoqteEP$mOMpcjMMEI1D8yJsNTAIo2/3hh0MmiHa54ICKy1CzpE=', '2023-05-07 03:02:32.828081', 0, 'etivolierb', 'Elyn', 'Tivolier', 0, false, 'etivolierb@biglobe.ne.jp', 1, '2023-05-07 03:02:32.828081');
insert into Core_user (id, password, last_login, is_superuser, username, first_name, last_name, is_staff, is_active, email, account_type_id, date_joined) values (19, 'pbkdf2_sha256$600000$IphchGbKzeR0wIERoqteEP$mOMpcjMMEI1D8yJsNTAIo2/3hh0MmiHa54ICKy1CzpE=', '2023-05-07 03:02:32.828081', 0, 'mocuddiec', 'Meagan', 'O''Cuddie', 0, false, 'mocuddiec@youku.com', 1, '2023-05-07 03:02:32.828081');
insert into Core_user (id, password, last_login, is_superuser, username, first_name, last_name, is_staff, is_active, email, account_type_id, date_joined) values (20, 'pbkdf2_sha256$600000$IphchGbKzeR0wIERoqteEP$mOMpcjMMEI1D8yJsNTAIo2/3hh0MmiHa54ICKy1CzpE=', '2023-05-07 03:02:32.828081', 0, 'wspragued', 'Witty', 'Sprague', 0, false, 'wspragued@printfriendly.com', 1, '2023-05-07 03:02:32.828081');
insert into Core_user (id, password, last_login, is_superuser, username, first_name, last_name, is_staff, is_active, email, account_type_id, date_joined) values (21, 'pbkdf2_sha256$600000$IphchGbKzeR0wIERoqteEP$mOMpcjMMEI1D8yJsNTAIo2/3hh0MmiHa54ICKy1CzpE=', '2023-05-07 03:02:32.828081', 0, 'hmcquillene', 'Hervey', 'McQuillen', 0, true, 'hmcquillene@mail.ru', 1, '2023-05-07 03:02:32.828081');
insert into Core_user (id, password, last_login, is_superuser, username, first_name, last_name, is_staff, is_active, email, account_type_id, date_joined) values (22, 'pbkdf2_sha256$600000$IphchGbKzeR0wIERoqteEP$mOMpcjMMEI1D8yJsNTAIo2/3hh0MmiHa54ICKy1CzpE=', '2023-05-07 03:02:32.828081', 0, 'rwhodcoatf', 'Rozele', 'Whodcoat', 0, false, 'rwhodcoatf@state.gov', 1, '2023-05-07 03:02:32.828081');
insert into Core_user (id, password, last_login, is_superuser, username, first_name, last_name, is_staff, is_active, email, account_type_id, date_joined) values (23, 'pbkdf2_sha256$600000$IphchGbKzeR0wIERoqteEP$mOMpcjMMEI1D8yJsNTAIo2/3hh0MmiHa54ICKy1CzpE=', '2023-05-07 03:02:32.828081', 0, 'tbenieshg', 'Tod', 'Beniesh', 0, true, 'tbenieshg@freewebs.com', 1, '2023-05-07 03:02:32.828081');
insert into Core_user (id, password, last_login, is_superuser, username, first_name, last_name, is_staff, is_active, email, account_type_id, date_joined) values (24, 'pbkdf2_sha256$600000$IphchGbKzeR0wIERoqteEP$mOMpcjMMEI1D8yJsNTAIo2/3hh0MmiHa54ICKy1CzpE=', '2023-05-07 03:02:32.828081', 0, 'emattissonh', 'Emanuele', 'Mattisson', 0, true, 'emattissonh@narod.ru', 1, '2023-05-07 03:02:32.828081');
insert into Core_user (id, password, last_login, is_superuser, username, first_name, last_name, is_staff, is_active, email, account_type_id, date_joined) values (25, 'pbkdf2_sha256$600000$IphchGbKzeR0wIERoqteEP$mOMpcjMMEI1D8yJsNTAIo2/3hh0MmiHa54ICKy1CzpE=', '2023-05-07 03:02:32.828081', 0, 'cciobutarui', 'Chandra', 'Ciobutaru', 0, true, 'cciobutarui@hugedomains.com', 1, '2023-05-07 03:02:32.828081');
insert into Core_user (id, password, last_login, is_superuser, username, first_name, last_name, is_staff, is_active, email, account_type_id, date_joined) values (26, 'pbkdf2_sha256$600000$IphchGbKzeR0wIERoqteEP$mOMpcjMMEI1D8yJsNTAIo2/3hh0MmiHa54ICKy1CzpE=', '2023-05-07 03:02:32.828081', 0, 'fmclaughlinj', 'Fredra', 'McLaughlin', 0, false, 'fmclaughlinj@exblog.jp', 1, '2023-05-07 03:02:32.828081');
insert into Core_user (id, password, last_login, is_superuser, username, first_name, last_name, is_staff, is_active, email, account_type_id, date_joined) values (27, 'pbkdf2_sha256$600000$IphchGbKzeR0wIERoqteEP$mOMpcjMMEI1D8yJsNTAIo2/3hh0MmiHa54ICKy1CzpE=', '2023-05-07 03:02:32.828081', 0, 'ijevesk', 'Ibbie', 'Jeves', 0, true, 'ijevesk@mit.edu', 1, '2023-05-07 03:02:32.828081');
insert into Core_user (id, password, last_login, is_superuser, username, first_name, last_name, is_staff, is_active, email, account_type_id, date_joined) values (28, 'pbkdf2_sha256$600000$IphchGbKzeR0wIERoqteEP$mOMpcjMMEI1D8yJsNTAIo2/3hh0MmiHa54ICKy1CzpE=', '2023-05-07 03:02:32.828081', 0, 'bcazel', 'Billi', 'Caze', 0, false, 'bcazel@acquirethisname.com', 1, '2023-05-07 03:02:32.828081');
insert into Core_user (id, password, last_login, is_superuser, username, first_name, last_name, is_staff, is_active, email, account_type_id, date_joined) values (29, 'pbkdf2_sha256$600000$IphchGbKzeR0wIERoqteEP$mOMpcjMMEI1D8yJsNTAIo2/3hh0MmiHa54ICKy1CzpE=', '2023-05-07 03:02:32.828081', 0, 'cblaikm', 'Catharina', 'Blaik', 0, true, 'cblaikm@google.co.jp', 1, '2023-05-07 03:02:32.828081');
insert into Core_user (id, password, last_login, is_superuser, username, first_name, last_name, is_staff, is_active, email, account_type_id, date_joined) values (30, 'pbkdf2_sha256$600000$IphchGbKzeR0wIERoqteEP$mOMpcjMMEI1D8yJsNTAIo2/3hh0MmiHa54ICKy1CzpE=', '2023-05-07 03:02:32.828081', 0, 'ecarnegyn', 'Ellen', 'Carnegy', 0, false, 'ecarnegyn@un.org', 1, '2023-05-07 03:02:32.828081');
insert into Core_user (id, password, last_login, is_superuser, username, first_name, last_name, is_staff, is_active, email, account_type_id, date_joined) values (31, 'pbkdf2_sha256$600000$IphchGbKzeR0wIERoqteEP$mOMpcjMMEI1D8yJsNTAIo2/3hh0MmiHa54ICKy1CzpE=', '2023-05-07 03:02:32.828081', 0, 'bpedrozzio', 'Brad', 'Pedrozzi', 0, false, 'bpedrozzio@google.com.br', 1, '2023-05-07 03:02:32.828081');
insert into Core_user (id, password, last_login, is_superuser, username, first_name, last_name, is_staff, is_active, email, account_type_id, date_joined) values (32, 'pbkdf2_sha256$600000$IphchGbKzeR0wIERoqteEP$mOMpcjMMEI1D8yJsNTAIo2/3hh0MmiHa54ICKy1CzpE=', '2023-05-07 03:02:32.828081', 0, 'ekindonp', 'Elane', 'Kindon', 0, true, 'ekindonp@ebay.co.uk', 1, '2023-05-07 03:02:32.828081');
insert into Core_user (id, password, last_login, is_superuser, username, first_name, last_name, is_staff, is_active, email, account_type_id, date_joined) values (33, 'pbkdf2_sha256$600000$IphchGbKzeR0wIERoqteEP$mOMpcjMMEI1D8yJsNTAIo2/3hh0MmiHa54ICKy1CzpE=', '2023-05-07 03:02:32.828081', 0, 'dcoolq', 'Dena', 'Cool', 0, true, 'dcoolq@domainmarket.com', 1, '2023-05-07 03:02:32.828081');
insert into Core_user (id, password, last_login, is_superuser, username, first_name, last_name, is_staff, is_active, email, account_type_id, date_joined) values (34, 'pbkdf2_sha256$600000$IphchGbKzeR0wIERoqteEP$mOMpcjMMEI1D8yJsNTAIo2/3hh0MmiHa54ICKy1CzpE=', '2023-05-07 03:02:32.828081', 0, 'opleumanr', 'Oliy', 'Pleuman', 0, false, 'opleumanr@google.fr', 1, '2023-05-07 03:02:32.828081');
insert into Core_user (id, password, last_login, is_superuser, username, first_name, last_name, is_staff, is_active, email, account_type_id, date_joined) values (35, 'pbkdf2_sha256$600000$IphchGbKzeR0wIERoqteEP$mOMpcjMMEI1D8yJsNTAIo2/3hh0MmiHa54ICKy1CzpE=', '2023-05-07 03:02:32.828081', 0, 'cskullets', 'Christophe', 'Skullet', 0, true, 'cskullets@google.cn', 1, '2023-05-07 03:02:32.828081');
insert into Core_user (id, password, last_login, is_superuser, username, first_name, last_name, is_staff, is_active, email, account_type_id, date_joined) values (36, 'pbkdf2_sha256$600000$IphchGbKzeR0wIERoqteEP$mOMpcjMMEI1D8yJsNTAIo2/3hh0MmiHa54ICKy1CzpE=', '2023-05-07 03:02:32.828081', 0, 'craggettt', 'Cullin', 'Raggett', 0, false, 'craggettt@wordpress.com', 1, '2023-05-07 03:02:32.828081');
insert into Core_user (id, password, last_login, is_superuser, username, first_name, last_name, is_staff, is_active, email, account_type_id, date_joined) values (37, 'pbkdf2_sha256$600000$IphchGbKzeR0wIERoqteEP$mOMpcjMMEI1D8yJsNTAIo2/3hh0MmiHa54ICKy1CzpE=', '2023-05-07 03:02:32.828081', 0, 'pfleisu', 'Petronia', 'Fleis', 0, false, 'pfleisu@dot.gov', 1, '2023-05-07 03:02:32.828081');
insert into Core_user (id, password, last_login, is_superuser, username, first_name, last_name, is_staff, is_active, email, account_type_id, date_joined) values (38, 'pbkdf2_sha256$600000$IphchGbKzeR0wIERoqteEP$mOMpcjMMEI1D8yJsNTAIo2/3hh0MmiHa54ICKy1CzpE=', '2023-05-07 03:02:32.828081', 0, 'gberendsenv', 'Gus', 'Berendsen', 0, true, 'gberendsenv@slashdot.org', 1, '2023-05-07 03:02:32.828081');
insert into Core_user (id, password, last_login, is_superuser, username, first_name, last_name, is_staff, is_active, email, account_type_id, date_joined) values (39, 'pbkdf2_sha256$600000$IphchGbKzeR0wIERoqteEP$mOMpcjMMEI1D8yJsNTAIo2/3hh0MmiHa54ICKy1CzpE=', '2023-05-07 03:02:32.828081', 0, 'ophelanw', 'Ortensia', 'Phelan', 0, false, 'ophelanw@hatena.ne.jp', 1, '2023-05-07 03:02:32.828081');
insert into Core_user (id, password, last_login, is_superuser, username, first_name, last_name, is_staff, is_active, email, account_type_id, date_joined) values (40, 'pbkdf2_sha256$600000$IphchGbKzeR0wIERoqteEP$mOMpcjMMEI1D8yJsNTAIo2/3hh0MmiHa54ICKy1CzpE=', '2023-05-07 03:02:32.828081', 0, 'sebsworthx', 'Shara', 'Ebsworth', 0, false, 'sebsworthx@smh.com.au', 1, '2023-05-07 03:02:32.828081');
insert into Core_user (id, password, last_login, is_superuser, username, first_name, last_name, is_staff, is_active, email, account_type_id, date_joined) values (41, 'pbkdf2_sha256$600000$IphchGbKzeR0wIERoqteEP$mOMpcjMMEI1D8yJsNTAIo2/3hh0MmiHa54ICKy1CzpE=', '2023-05-07 03:02:32.828081', 0, 'bbeazey', 'Briney', 'Beaze', 0, true, 'bbeazey@goo.gl', 1, '2023-05-07 03:02:32.828081');
insert into Core_user (id, password, last_login, is_superuser, username, first_name, last_name, is_staff, is_active, email, account_type_id, date_joined) values (42, 'pbkdf2_sha256$600000$IphchGbKzeR0wIERoqteEP$mOMpcjMMEI1D8yJsNTAIo2/3hh0MmiHa54ICKy1CzpE=', '2023-05-07 03:02:32.828081', 0, 'bstablez', 'Bebe', 'Stable', 0, true, 'bstablez@dmoz.org', 1, '2023-05-07 03:02:32.828081');
insert into Core_user (id, password, last_login, is_superuser, username, first_name, last_name, is_staff, is_active, email, account_type_id, date_joined) values (43, 'pbkdf2_sha256$600000$IphchGbKzeR0wIERoqteEP$mOMpcjMMEI1D8yJsNTAIo2/3hh0MmiHa54ICKy1CzpE=', '2023-05-07 03:02:32.828081', 0, 'sspellesy10', 'Samaria', 'Spellesy', 0, true, 'sspellesy10@amazon.co.uk', 1, '2023-05-07 03:02:32.828081');
insert into Core_user (id, password, last_login, is_superuser, username, first_name, last_name, is_staff, is_active, email, account_type_id, date_joined) values (44, 'pbkdf2_sha256$600000$IphchGbKzeR0wIERoqteEP$mOMpcjMMEI1D8yJsNTAIo2/3hh0MmiHa54ICKy1CzpE=', '2023-05-07 03:02:32.828081', 0, 'rstaves11', 'Roseann', 'Staves', 0, false, 'rstaves11@reverbnation.com', 1, '2023-05-07 03:02:32.828081');
insert into Core_user (id, password, last_login, is_superuser, username, first_name, last_name, is_staff, is_active, email, account_type_id, date_joined) values (45, 'pbkdf2_sha256$600000$IphchGbKzeR0wIERoqteEP$mOMpcjMMEI1D8yJsNTAIo2/3hh0MmiHa54ICKy1CzpE=', '2023-05-07 03:02:32.828081', 0, 'aelecum12', 'Aila', 'Elecum', 0, false, 'aelecum12@fastcompany.com', 1, '2023-05-07 03:02:32.828081');
insert into Core_user (id, password, last_login, is_superuser, username, first_name, last_name, is_staff, is_active, email, account_type_id, date_joined) values (46, 'pbkdf2_sha256$600000$IphchGbKzeR0wIERoqteEP$mOMpcjMMEI1D8yJsNTAIo2/3hh0MmiHa54ICKy1CzpE=', '2023-05-07 03:02:32.828081', 0, 'hfrancesc13', 'Hubert', 'Francesc', 0, true, 'hfrancesc13@ehow.com', 1, '2023-05-07 03:02:32.828081');
insert into Core_user (id, password, last_login, is_superuser, username, first_name, last_name, is_staff, is_active, email, account_type_id, date_joined) values (47, 'pbkdf2_sha256$600000$IphchGbKzeR0wIERoqteEP$mOMpcjMMEI1D8yJsNTAIo2/3hh0MmiHa54ICKy1CzpE=', '2023-05-07 03:02:32.828081', 0, 'lbowker14', 'Lefty', 'Bowker', 0, false, 'lbowker14@senate.gov', 1, '2023-05-07 03:02:32.828081');
insert into Core_user (id, password, last_login, is_superuser, username, first_name, last_name, is_staff, is_active, email, account_type_id, date_joined) values (48, 'pbkdf2_sha256$600000$IphchGbKzeR0wIERoqteEP$mOMpcjMMEI1D8yJsNTAIo2/3hh0MmiHa54ICKy1CzpE=', '2023-05-07 03:02:32.828081', 0, 'kwind15', 'Karlis', 'Wind', 0, false, 'kwind15@hp.com', 1, '2023-05-07 03:02:32.828081');
insert into Core_user (id, password, last_login, is_superuser, username, first_name, last_name, is_staff, is_active, email, account_type_id, date_joined) values (49, 'pbkdf2_sha256$600000$IphchGbKzeR0wIERoqteEP$mOMpcjMMEI1D8yJsNTAIo2/3hh0MmiHa54ICKy1CzpE=', '2023-05-07 03:02:32.828081', 0, 'tcutajar16', 'Tami', 'Cutajar', 0, true, 'tcutajar16@redcross.org', 1, '2023-05-07 03:02:32.828081');
insert into Core_user (id, password, last_login, is_superuser, username, first_name, last_name, is_staff, is_active, email, account_type_id, date_joined) values (50, 'pbkdf2_sha256$600000$IphchGbKzeR0wIERoqteEP$mOMpcjMMEI1D8yJsNTAIo2/3hh0MmiHa54ICKy1CzpE=', '2023-05-07 03:02:32.828081', 0, 'dtidmarsh17', 'Dynah', 'Tidmarsh', 0, false, 'dtidmarsh17@e-recht24.de', 1, '2023-05-07 03:02:32.828081');
insert into Core_user (id, password, last_login, is_superuser, username, first_name, last_name, is_staff, is_active, email, account_type_id, date_joined) values (51, 'pbkdf2_sha256$600000$IphchGbKzeR0wIERoqteEP$mOMpcjMMEI1D8yJsNTAIo2/3hh0MmiHa54ICKy1CzpE=', '2023-05-07 03:02:32.828081', 0, 'pcartman18', 'Pietro', 'Cartman', 0, true, 'pcartman18@kickstarter.com', 1, '2023-05-07 03:02:32.828081');
insert into Core_user (id, password, last_login, is_superuser, username, first_name, last_name, is_staff, is_active, email, account_type_id, date_joined) values (52, 'pbkdf2_sha256$600000$IphchGbKzeR0wIERoqteEP$mOMpcjMMEI1D8yJsNTAIo2/3hh0MmiHa54ICKy1CzpE=', '2023-05-07 03:02:32.828081', 0, 'mdeortega19', 'Merilyn', 'De Ortega', 0, false, 'mdeortega19@uiuc.edu', 1, '2023-05-07 03:02:32.828081');
insert into Core_user (id, password, last_login, is_superuser, username, first_name, last_name, is_staff, is_active, email, account_type_id, date_joined) values (53, 'pbkdf2_sha256$600000$IphchGbKzeR0wIERoqteEP$mOMpcjMMEI1D8yJsNTAIo2/3hh0MmiHa54ICKy1CzpE=', '2023-05-07 03:02:32.828081', 0, 'hclemmow1a', 'Hilly', 'Clemmow', 0, false, 'hclemmow1a@nba.com', 1, '2023-05-07 03:02:32.828081');
insert into Core_user (id, password, last_login, is_superuser, username, first_name, last_name, is_staff, is_active, email, account_type_id, date_joined) values (54, 'pbkdf2_sha256$600000$IphchGbKzeR0wIERoqteEP$mOMpcjMMEI1D8yJsNTAIo2/3hh0MmiHa54ICKy1CzpE=', '2023-05-07 03:02:32.828081', 0, 'gstirrip1b', 'Garrick', 'Stirrip', 0, false, 'gstirrip1b@ft.com', 1, '2023-05-07 03:02:32.828081');
insert into Core_user (id, password, last_login, is_superuser, username, first_name, last_name, is_staff, is_active, email, account_type_id, date_joined) values (55, 'pbkdf2_sha256$600000$IphchGbKzeR0wIERoqteEP$mOMpcjMMEI1D8yJsNTAIo2/3hh0MmiHa54ICKy1CzpE=', '2023-05-07 03:02:32.828081', 0, 'bbaglin1c', 'Brina', 'Baglin', 0, false, 'bbaglin1c@themeforest.net', 1, '2023-05-07 03:02:32.828081');
insert into Core_user (id, password, last_login, is_superuser, username, first_name, last_name, is_staff, is_active, email, account_type_id, date_joined) values (56, 'pbkdf2_sha256$600000$IphchGbKzeR0wIERoqteEP$mOMpcjMMEI1D8yJsNTAIo2/3hh0MmiHa54ICKy1CzpE=', '2023-05-07 03:02:32.828081', 0, 'syakov1d', 'Silvana', 'Yakov', 0, false, 'syakov1d@ihg.com', 1, '2023-05-07 03:02:32.828081');
insert into Core_user (id, password, last_login, is_superuser, username, first_name, last_name, is_staff, is_active, email, account_type_id, date_joined) values (57, 'pbkdf2_sha256$600000$IphchGbKzeR0wIERoqteEP$mOMpcjMMEI1D8yJsNTAIo2/3hh0MmiHa54ICKy1CzpE=', '2023-05-07 03:02:32.828081', 0, 'afierro1e', 'Anatole', 'Fierro', 0, true, 'afierro1e@slashdot.org', 1, '2023-05-07 03:02:32.828081');
insert into Core_user (id, password, last_login, is_superuser, username, first_name, last_name, is_staff, is_active, email, account_type_id, date_joined) values (58, 'pbkdf2_sha256$600000$IphchGbKzeR0wIERoqteEP$mOMpcjMMEI1D8yJsNTAIo2/3hh0MmiHa54ICKy1CzpE=', '2023-05-07 03:02:32.828081', 0, 'ahenner1f', 'Arlie', 'Henner', 0, false, 'ahenner1f@sciencedirect.com', 1, '2023-05-07 03:02:32.828081');
insert into Core_user (id, password, last_login, is_superuser, username, first_name, last_name, is_staff, is_active, email, account_type_id, date_joined) values (59, 'pbkdf2_sha256$600000$IphchGbKzeR0wIERoqteEP$mOMpcjMMEI1D8yJsNTAIo2/3hh0MmiHa54ICKy1CzpE=', '2023-05-07 03:02:32.828081', 0, 'adionisi1g', 'Alisun', 'Dionisi', 0, false, 'adionisi1g@google.ru', 1, '2023-05-07 03:02:32.828081');
insert into Core_user (id, password, last_login, is_superuser, username, first_name, last_name, is_staff, is_active, email, account_type_id, date_joined) values (60, 'pbkdf2_sha256$600000$IphchGbKzeR0wIERoqteEP$mOMpcjMMEI1D8yJsNTAIo2/3hh0MmiHa54ICKy1CzpE=', '2023-05-07 03:02:32.828081', 0, 'kmckeand1h', 'Kain', 'McKeand', 0, false, 'kmckeand1h@ezinearticles.com', 1, '2023-05-07 03:02:32.828081');
insert into Core_user (id, password, last_login, is_superuser, username, first_name, last_name, is_staff, is_active, email, account_type_id, date_joined) values (61, 'pbkdf2_sha256$600000$IphchGbKzeR0wIERoqteEP$mOMpcjMMEI1D8yJsNTAIo2/3hh0MmiHa54ICKy1CzpE=', '2023-05-07 03:02:32.828081', 0, 'bmacphaden1i', 'Bernadette', 'MacPhaden', 0, true, 'bmacphaden1i@vk.com', 1, '2023-05-07 03:02:32.828081');
insert into Core_user (id, password, last_login, is_superuser, username, first_name, last_name, is_staff, is_active, email, account_type_id, date_joined) values (62, 'pbkdf2_sha256$600000$IphchGbKzeR0wIERoqteEP$mOMpcjMMEI1D8yJsNTAIo2/3hh0MmiHa54ICKy1CzpE=', '2023-05-07 03:02:32.828081', 0, 'idowtry1j', 'Irina', 'Dowtry', 0, false, 'idowtry1j@si.edu', 1, '2023-05-07 03:02:32.828081');
insert into Core_user (id, password, last_login, is_superuser, username, first_name, last_name, is_staff, is_active, email, account_type_id, date_joined) values (63, 'pbkdf2_sha256$600000$IphchGbKzeR0wIERoqteEP$mOMpcjMMEI1D8yJsNTAIo2/3hh0MmiHa54ICKy1CzpE=', '2023-05-07 03:02:32.828081', 0, 'tkirwood1k', 'Theodoric', 'Kirwood', 0, true, 'tkirwood1k@g.co', 1, '2023-05-07 03:02:32.828081');
insert into Core_user (id, password, last_login, is_superuser, username, first_name, last_name, is_staff, is_active, email, account_type_id, date_joined) values (64, 'pbkdf2_sha256$600000$IphchGbKzeR0wIERoqteEP$mOMpcjMMEI1D8yJsNTAIo2/3hh0MmiHa54ICKy1CzpE=', '2023-05-07 03:02:32.828081', 0, 'bkittless1l', 'Bibbye', 'Kittless', 0, true, 'bkittless1l@creativecommons.org', 1, '2023-05-07 03:02:32.828081');
insert into Core_user (id, password, last_login, is_superuser, username, first_name, last_name, is_staff, is_active, email, account_type_id, date_joined) values (65, 'pbkdf2_sha256$600000$IphchGbKzeR0wIERoqteEP$mOMpcjMMEI1D8yJsNTAIo2/3hh0MmiHa54ICKy1CzpE=', '2023-05-07 03:02:32.828081', 0, 'orupprecht1m', 'Orrin', 'Rupprecht', 0, false, 'orupprecht1m@taobao.com', 1, '2023-05-07 03:02:32.828081');
insert into Core_user (id, password, last_login, is_superuser, username, first_name, last_name, is_staff, is_active, email, account_type_id, date_joined) values (66, 'pbkdf2_sha256$600000$IphchGbKzeR0wIERoqteEP$mOMpcjMMEI1D8yJsNTAIo2/3hh0MmiHa54ICKy1CzpE=', '2023-05-07 03:02:32.828081', 0, 'kwilsee1n', 'Kamilah', 'Wilsee', 0, true, 'kwilsee1n@ebay.co.uk', 1, '2023-05-07 03:02:32.828081');
insert into Core_user (id, password, last_login, is_superuser, username, first_name, last_name, is_staff, is_active, email, account_type_id, date_joined) values (67, 'pbkdf2_sha256$600000$IphchGbKzeR0wIERoqteEP$mOMpcjMMEI1D8yJsNTAIo2/3hh0MmiHa54ICKy1CzpE=', '2023-05-07 03:02:32.828081', 0, 'dfarherty1o', 'Dare', 'Farherty', 0, true, 'dfarherty1o@home.pl', 1, '2023-05-07 03:02:32.828081');
insert into Core_user (id, password, last_login, is_superuser, username, first_name, last_name, is_staff, is_active, email, account_type_id, date_joined) values (68, 'pbkdf2_sha256$600000$IphchGbKzeR0wIERoqteEP$mOMpcjMMEI1D8yJsNTAIo2/3hh0MmiHa54ICKy1CzpE=', '2023-05-07 03:02:32.828081', 0, 'sbouzan1p', 'Stern', 'Bouzan', 0, true, 'sbouzan1p@netscape.com', 1, '2023-05-07 03:02:32.828081');
insert into Core_user (id, password, last_login, is_superuser, username, first_name, last_name, is_staff, is_active, email, account_type_id, date_joined) values (69, 'pbkdf2_sha256$600000$IphchGbKzeR0wIERoqteEP$mOMpcjMMEI1D8yJsNTAIo2/3hh0MmiHa54ICKy1CzpE=', '2023-05-07 03:02:32.828081', 0, 'dferrieri1q', 'Danni', 'Ferrieri', 0, false, 'dferrieri1q@google.es', 1, '2023-05-07 03:02:32.828081');
insert into Core_user (id, password, last_login, is_superuser, username, first_name, last_name, is_staff, is_active, email, account_type_id, date_joined) values (70, 'pbkdf2_sha256$600000$IphchGbKzeR0wIERoqteEP$mOMpcjMMEI1D8yJsNTAIo2/3hh0MmiHa54ICKy1CzpE=', '2023-05-07 03:02:32.828081', 0, 'gjanning1r', 'Guillaume', 'Janning', 0, true, 'gjanning1r@lycos.com', 1, '2023-05-07 03:02:32.828081');
insert into Core_user (id, password, last_login, is_superuser, username, first_name, last_name, is_staff, is_active, email, account_type_id, date_joined) values (71, 'pbkdf2_sha256$600000$IphchGbKzeR0wIERoqteEP$mOMpcjMMEI1D8yJsNTAIo2/3hh0MmiHa54ICKy1CzpE=', '2023-05-07 03:02:32.828081', 0, 'smeeke1s', 'Saunder', 'Meeke', 0, false, 'smeeke1s@usa.gov', 1, '2023-05-07 03:02:32.828081');
insert into Core_user (id, password, last_login, is_superuser, username, first_name, last_name, is_staff, is_active, email, account_type_id, date_joined) values (72, 'pbkdf2_sha256$600000$IphchGbKzeR0wIERoqteEP$mOMpcjMMEI1D8yJsNTAIo2/3hh0MmiHa54ICKy1CzpE=', '2023-05-07 03:02:32.828081', 0, 'dwogden1t', 'Devin', 'Wogden', 0, false, 'dwogden1t@jigsy.com', 1, '2023-05-07 03:02:32.828081');
insert into Core_user (id, password, last_login, is_superuser, username, first_name, last_name, is_staff, is_active, email, account_type_id, date_joined) values (73, 'pbkdf2_sha256$600000$IphchGbKzeR0wIERoqteEP$mOMpcjMMEI1D8yJsNTAIo2/3hh0MmiHa54ICKy1CzpE=', '2023-05-07 03:02:32.828081', 0, 'semsden1u', 'Selestina', 'Emsden', 0, false, 'semsden1u@tmall.com', 1, '2023-05-07 03:02:32.828081');
insert into Core_user (id, password, last_login, is_superuser, username, first_name, last_name, is_staff, is_active, email, account_type_id, date_joined) values (74, 'pbkdf2_sha256$600000$IphchGbKzeR0wIERoqteEP$mOMpcjMMEI1D8yJsNTAIo2/3hh0MmiHa54ICKy1CzpE=', '2023-05-07 03:02:32.828081', 0, 'mbeavers1v', 'Marabel', 'Beavers', 0, true, 'mbeavers1v@seattletimes.com', 1, '2023-05-07 03:02:32.828081');
insert into Core_user (id, password, last_login, is_superuser, username, first_name, last_name, is_staff, is_active, email, account_type_id, date_joined) values (75, 'pbkdf2_sha256$600000$IphchGbKzeR0wIERoqteEP$mOMpcjMMEI1D8yJsNTAIo2/3hh0MmiHa54ICKy1CzpE=', '2023-05-07 03:02:32.828081', 0, 'dfranzonetti1w', 'Dorri', 'Franzonetti', 0, false, 'dfranzonetti1w@oaic.gov.au', 1, '2023-05-07 03:02:32.828081');
insert into Core_user (id, password, last_login, is_superuser, username, first_name, last_name, is_staff, is_active, email, account_type_id, date_joined) values (76, 'pbkdf2_sha256$600000$IphchGbKzeR0wIERoqteEP$mOMpcjMMEI1D8yJsNTAIo2/3hh0MmiHa54ICKy1CzpE=', '2023-05-07 03:02:32.828081', 0, 'mstratton1x', 'Madalena', 'Stratton', 0, false, 'mstratton1x@meetup.com', 1, '2023-05-07 03:02:32.828081');
insert into Core_user (id, password, last_login, is_superuser, username, first_name, last_name, is_staff, is_active, email, account_type_id, date_joined) values (77, 'pbkdf2_sha256$600000$IphchGbKzeR0wIERoqteEP$mOMpcjMMEI1D8yJsNTAIo2/3hh0MmiHa54ICKy1CzpE=', '2023-05-07 03:02:32.828081', 0, 'tcarloni1y', 'Tudor', 'Carloni', 0, true, 'tcarloni1y@answers.com', 1, '2023-05-07 03:02:32.828081');
insert into Core_user (id, password, last_login, is_superuser, username, first_name, last_name, is_staff, is_active, email, account_type_id, date_joined) values (78, 'pbkdf2_sha256$600000$IphchGbKzeR0wIERoqteEP$mOMpcjMMEI1D8yJsNTAIo2/3hh0MmiHa54ICKy1CzpE=', '2023-05-07 03:02:32.828081', 0, 'vdimblebee1z', 'Vin', 'Dimblebee', 0, true, 'vdimblebee1z@g.co', 1, '2023-05-07 03:02:32.828081');
insert into Core_user (id, password, last_login, is_superuser, username, first_name, last_name, is_staff, is_active, email, account_type_id, date_joined) values (79, 'pbkdf2_sha256$600000$IphchGbKzeR0wIERoqteEP$mOMpcjMMEI1D8yJsNTAIo2/3hh0MmiHa54ICKy1CzpE=', '2023-05-07 03:02:32.828081', 0, 'bcord20', 'Benedicta', 'Cord', 0, false, 'bcord20@marriott.com', 1, '2023-05-07 03:02:32.828081');
insert into Core_user (id, password, last_login, is_superuser, username, first_name, last_name, is_staff, is_active, email, account_type_id, date_joined) values (80, 'pbkdf2_sha256$600000$IphchGbKzeR0wIERoqteEP$mOMpcjMMEI1D8yJsNTAIo2/3hh0MmiHa54ICKy1CzpE=', '2023-05-07 03:02:32.828081', 0, 'egartshore21', 'Enriqueta', 'Gartshore', 0, false, 'egartshore21@ustream.tv', 1, '2023-05-07 03:02:32.828081');
insert into Core_user (id, password, last_login, is_superuser, username, first_name, last_name, is_staff, is_active, email, account_type_id, date_joined) values (81, 'pbkdf2_sha256$600000$IphchGbKzeR0wIERoqteEP$mOMpcjMMEI1D8yJsNTAIo2/3hh0MmiHa54ICKy1CzpE=', '2023-05-07 03:02:32.828081', 0, 'wnacey22', 'Wilfrid', 'Nacey', 0, false, 'wnacey22@uol.com.br', 1, '2023-05-07 03:02:32.828081');
insert into Core_user (id, password, last_login, is_superuser, username, first_name, last_name, is_staff, is_active, email, account_type_id, date_joined) values (82, 'pbkdf2_sha256$600000$IphchGbKzeR0wIERoqteEP$mOMpcjMMEI1D8yJsNTAIo2/3hh0MmiHa54ICKy1CzpE=', '2023-05-07 03:02:32.828081', 0, 'bodlin23', 'Balduin', 'Odlin', 0, false, 'bodlin23@php.net', 1, '2023-05-07 03:02:32.828081');
insert into Core_user (id, password, last_login, is_superuser, username, first_name, last_name, is_staff, is_active, email, account_type_id, date_joined) values (83, 'pbkdf2_sha256$600000$IphchGbKzeR0wIERoqteEP$mOMpcjMMEI1D8yJsNTAIo2/3hh0MmiHa54ICKy1CzpE=', '2023-05-07 03:02:32.828081', 0, 'ccastellino24', 'Cherish', 'Castellino', 0, false, 'ccastellino24@gnu.org', 1, '2023-05-07 03:02:32.828081');
insert into Core_user (id, password, last_login, is_superuser, username, first_name, last_name, is_staff, is_active, email, account_type_id, date_joined) values (84, 'pbkdf2_sha256$600000$IphchGbKzeR0wIERoqteEP$mOMpcjMMEI1D8yJsNTAIo2/3hh0MmiHa54ICKy1CzpE=', '2023-05-07 03:02:32.828081', 0, 'afairholm25', 'Aloysia', 'Fairholm', 0, false, 'afairholm25@cisco.com', 1, '2023-05-07 03:02:32.828081');
insert into Core_user (id, password, last_login, is_superuser, username, first_name, last_name, is_staff, is_active, email, account_type_id, date_joined) values (85, 'pbkdf2_sha256$600000$IphchGbKzeR0wIERoqteEP$mOMpcjMMEI1D8yJsNTAIo2/3hh0MmiHa54ICKy1CzpE=', '2023-05-07 03:02:32.828081', 0, 'cbrocks26', 'Clarence', 'Brocks', 0, true, 'cbrocks26@bbc.co.uk', 1, '2023-05-07 03:02:32.828081');
insert into Core_user (id, password, last_login, is_superuser, username, first_name, last_name, is_staff, is_active, email, account_type_id, date_joined) values (86, 'pbkdf2_sha256$600000$IphchGbKzeR0wIERoqteEP$mOMpcjMMEI1D8yJsNTAIo2/3hh0MmiHa54ICKy1CzpE=', '2023-05-07 03:02:32.828081', 0, 'wdavidzon27', 'Wilburt', 'Davidzon', 0, true, 'wdavidzon27@angelfire.com', 1, '2023-05-07 03:02:32.828081');
insert into Core_user (id, password, last_login, is_superuser, username, first_name, last_name, is_staff, is_active, email, account_type_id, date_joined) values (87, 'pbkdf2_sha256$600000$IphchGbKzeR0wIERoqteEP$mOMpcjMMEI1D8yJsNTAIo2/3hh0MmiHa54ICKy1CzpE=', '2023-05-07 03:02:32.828081', 0, 'mtowns28', 'Murial', 'Towns', 0, true, 'mtowns28@cbslocal.com', 1, '2023-05-07 03:02:32.828081');
insert into Core_user (id, password, last_login, is_superuser, username, first_name, last_name, is_staff, is_active, email, account_type_id, date_joined) values (88, 'pbkdf2_sha256$600000$IphchGbKzeR0wIERoqteEP$mOMpcjMMEI1D8yJsNTAIo2/3hh0MmiHa54ICKy1CzpE=', '2023-05-07 03:02:32.828081', 0, 'fhoffner29', 'Fallon', 'Hoffner', 0, true, 'fhoffner29@bing.com', 1, '2023-05-07 03:02:32.828081');
insert into Core_user (id, password, last_login, is_superuser, username, first_name, last_name, is_staff, is_active, email, account_type_id, date_joined) values (89, 'pbkdf2_sha256$600000$IphchGbKzeR0wIERoqteEP$mOMpcjMMEI1D8yJsNTAIo2/3hh0MmiHa54ICKy1CzpE=', '2023-05-07 03:02:32.828081', 0, 'rendon2a', 'Robinson', 'Endon', 0, true, 'rendon2a@free.fr', 1, '2023-05-07 03:02:32.828081');
insert into Core_user (id, password, last_login, is_superuser, username, first_name, last_name, is_staff, is_active, email, account_type_id, date_joined) values (90, 'pbkdf2_sha256$600000$IphchGbKzeR0wIERoqteEP$mOMpcjMMEI1D8yJsNTAIo2/3hh0MmiHa54ICKy1CzpE=', '2023-05-07 03:02:32.828081', 0, 'lullyatt2b', 'Lulu', 'Ullyatt', 0, true, 'lullyatt2b@elpais.com', 1, '2023-05-07 03:02:32.828081');
insert into Core_user (id, password, last_login, is_superuser, username, first_name, last_name, is_staff, is_active, email, account_type_id, date_joined) values (91, 'pbkdf2_sha256$600000$IphchGbKzeR0wIERoqteEP$mOMpcjMMEI1D8yJsNTAIo2/3hh0MmiHa54ICKy1CzpE=', '2023-05-07 03:02:32.828081', 0, 'sfoucar2c', 'Steward', 'Foucar', 0, false, 'sfoucar2c@google.it', 1, '2023-05-07 03:02:32.828081');
insert into Core_user (id, password, last_login, is_superuser, username, first_name, last_name, is_staff, is_active, email, account_type_id, date_joined) values (92, 'pbkdf2_sha256$600000$IphchGbKzeR0wIERoqteEP$mOMpcjMMEI1D8yJsNTAIo2/3hh0MmiHa54ICKy1CzpE=', '2023-05-07 03:02:32.828081', 0, 'cdebnam2d', 'Cathee', 'Debnam', 0, true, 'cdebnam2d@redcross.org', 1, '2023-05-07 03:02:32.828081');
insert into Core_user (id, password, last_login, is_superuser, username, first_name, last_name, is_staff, is_active, email, account_type_id, date_joined) values (93, 'pbkdf2_sha256$600000$IphchGbKzeR0wIERoqteEP$mOMpcjMMEI1D8yJsNTAIo2/3hh0MmiHa54ICKy1CzpE=', '2023-05-07 03:02:32.828081', 0, 'jfoynes2e', 'Jeanne', 'Foynes', 0, false, 'jfoynes2e@techcrunch.com', 1, '2023-05-07 03:02:32.828081');
insert into Core_user (id, password, last_login, is_superuser, username, first_name, last_name, is_staff, is_active, email, account_type_id, date_joined) values (94, 'pbkdf2_sha256$600000$IphchGbKzeR0wIERoqteEP$mOMpcjMMEI1D8yJsNTAIo2/3hh0MmiHa54ICKy1CzpE=', '2023-05-07 03:02:32.828081', 0, 'lashbridge2f', 'Lauree', 'Ashbridge', 0, true, 'lashbridge2f@npr.org', 1, '2023-05-07 03:02:32.828081');
insert into Core_user (id, password, last_login, is_superuser, username, first_name, last_name, is_staff, is_active, email, account_type_id, date_joined) values (95, 'pbkdf2_sha256$600000$IphchGbKzeR0wIERoqteEP$mOMpcjMMEI1D8yJsNTAIo2/3hh0MmiHa54ICKy1CzpE=', '2023-05-07 03:02:32.828081', 0, 'gpowner2g', 'Gabrila', 'Powner', 0, false, 'gpowner2g@vkontakte.ru', 1, '2023-05-07 03:02:32.828081');
insert into Core_user (id, password, last_login, is_superuser, username, first_name, last_name, is_staff, is_active, email, account_type_id, date_joined) values (96, 'pbkdf2_sha256$600000$IphchGbKzeR0wIERoqteEP$mOMpcjMMEI1D8yJsNTAIo2/3hh0MmiHa54ICKy1CzpE=', '2023-05-07 03:02:32.828081', 0, 'lschieferstein2h', 'Lyndsie', 'Schieferstein', 0, false, 'lschieferstein2h@hubpages.com', 1, '2023-05-07 03:02:32.828081');
insert into Core_user (id, password, last_login, is_superuser, username, first_name, last_name, is_staff, is_active, email, account_type_id, date_joined) values (97, 'pbkdf2_sha256$600000$IphchGbKzeR0wIERoqteEP$mOMpcjMMEI1D8yJsNTAIo2/3hh0MmiHa54ICKy1CzpE=', '2023-05-07 03:02:32.828081', 0, 'dguage2i', 'Debera', 'Guage', 0, false, 'dguage2i@unicef.org', 1, '2023-05-07 03:02:32.828081');
insert into Core_user (id, password, last_login, is_superuser, username, first_name, last_name, is_staff, is_active, email, account_type_id, date_joined) values (98, 'pbkdf2_sha256$600000$IphchGbKzeR0wIERoqteEP$mOMpcjMMEI1D8yJsNTAIo2/3hh0MmiHa54ICKy1CzpE=', '2023-05-07 03:02:32.828081', 0, 'rmoyne2j', 'Rori', 'Moyne', 0, false, 'rmoyne2j@gmpg.org', 1, '2023-05-07 03:02:32.828081');
insert into Core_user (id, password, last_login, is_superuser, username, first_name, last_name, is_staff, is_active, email, account_type_id, date_joined) values (99, 'pbkdf2_sha256$600000$IphchGbKzeR0wIERoqteEP$mOMpcjMMEI1D8yJsNTAIo2/3hh0MmiHa54ICKy1CzpE=', '2023-05-07 03:02:32.828081', 0, 'cgoodliff2k', 'Corri', 'Goodliff', 0, false, 'cgoodliff2k@xing.com', 1, '2023-05-07 03:02:32.828081');
insert into Core_user (id, password, last_login, is_superuser, username, first_name, last_name, is_staff, is_active, email, account_type_id, date_joined) values (100, 'pbkdf2_sha256$600000$IphchGbKzeR0wIERoqteEP$mOMpcjMMEI1D8yJsNTAIo2/3hh0MmiHa54ICKy1CzpE=', '2023-05-07 03:02:32.828081', 0, 'grenon2l', 'Gery', 'Renon', 0, true, 'grenon2l@over-blog.com', 1, '2023-05-07 03:02:32.828081');
insert into Core_user (id, password, last_login, is_superuser, username, first_name, last_name, is_staff, is_active, email, account_type_id, date_joined) values (101, 'pbkdf2_sha256$600000$IphchGbKzeR0wIERoqteEP$mOMpcjMMEI1D8yJsNTAIo2/3hh0MmiHa54ICKy1CzpE=', '2023-05-07 03:02:32.828081', 0, 'tlonsdale2m', 'Teodoor', 'Lonsdale', 0, false, 'tlonsdale2m@sfgate.com', 1, '2023-05-07 03:02:32.828081');
insert into Core_user (id, password, last_login, is_superuser, username, first_name, last_name, is_staff, is_active, email, account_type_id, date_joined) values (102, 'pbkdf2_sha256$600000$IphchGbKzeR0wIERoqteEP$mOMpcjMMEI1D8yJsNTAIo2/3hh0MmiHa54ICKy1CzpE=', '2023-05-07 03:02:32.828081', 0, 'alethbury2n', 'Aldo', 'Lethbury', 0, true, 'alethbury2n@businessinsider.com', 1, '2023-05-07 03:02:32.828081');
insert into Core_user (id, password, last_login, is_superuser, username, first_name, last_name, is_staff, is_active, email, account_type_id, date_joined) values (103, 'pbkdf2_sha256$600000$IphchGbKzeR0wIERoqteEP$mOMpcjMMEI1D8yJsNTAIo2/3hh0MmiHa54ICKy1CzpE=', '2023-05-07 03:02:32.828081', 0, 'nbartoleyn2o', 'Natalya', 'Bartoleyn', 0, false, 'nbartoleyn2o@java.com', 1, '2023-05-07 03:02:32.828081');
insert into Core_user (id, password, last_login, is_superuser, username, first_name, last_name, is_staff, is_active, email, account_type_id, date_joined) values (104, 'pbkdf2_sha256$600000$IphchGbKzeR0wIERoqteEP$mOMpcjMMEI1D8yJsNTAIo2/3hh0MmiHa54ICKy1CzpE=', '2023-05-07 03:02:32.828081', 0, 'rbroxup2p', 'Rex', 'Broxup', 0, true, 'rbroxup2p@ehow.com', 1, '2023-05-07 03:02:32.828081');
insert into Core_user (id, password, last_login, is_superuser, username, first_name, last_name, is_staff, is_active, email, account_type_id, date_joined) values (105, 'pbkdf2_sha256$600000$IphchGbKzeR0wIERoqteEP$mOMpcjMMEI1D8yJsNTAIo2/3hh0MmiHa54ICKy1CzpE=', '2023-05-07 03:02:32.828081', 0, 'ltibbles2q', 'Lauree', 'Tibbles', 0, true, 'ltibbles2q@rediff.com', 1, '2023-05-07 03:02:32.828081');
insert into Core_user (id, password, last_login, is_superuser, username, first_name, last_name, is_staff, is_active, email, account_type_id, date_joined) values (106, 'pbkdf2_sha256$600000$IphchGbKzeR0wIERoqteEP$mOMpcjMMEI1D8yJsNTAIo2/3hh0MmiHa54ICKy1CzpE=', '2023-05-07 03:02:32.828081', 0, 'sbartley2r', 'Sam', 'Bartley', 0, false, 'sbartley2r@hao123.com', 1, '2023-05-07 03:02:32.828081');



--instructor user

INSERT INTO Core_user (id, password, last_login, is_superuser, username, first_name, last_name, is_staff, is_active, date_joined, email, account_type_id) VALUES (107, 'pbkdf2_sha256$600000$IphchGbKzeR0wIERoqteEP$mOMpcjMMEI1D8yJsNTAIo2/3hh0MmiHa54ICKy1CzpE=', '2023-05-07 03:02:32.828081', 0, 'oheinsh0', 'Osborne', 'Heinsh', 0, 0, '2023-05-07 03:02:32.828081', 'oheinsh0@devhub.com', 2);
INSERT INTO Core_user (id, password, last_login, is_superuser, username, first_name, last_name, is_staff, is_active, date_joined, email, account_type_id) VALUES (108, 'pbkdf2_sha256$600000$IphchGbKzeR0wIERoqteEP$mOMpcjMMEI1D8yJsNTAIo2/3hh0MmiHa54ICKy1CzpE=', '2023-05-07 03:02:32.828081', 0, 'amingardi1', 'Anselm', 'Mingardi', 0, 0, '2023-05-07 03:02:32.828081', 'amingardi1@washington.edu', 2);
INSERT INTO Core_user (id, password, last_login, is_superuser, username, first_name, last_name, is_staff, is_active, date_joined, email, account_type_id) VALUES (109, 'pbkdf2_sha256$600000$IphchGbKzeR0wIERoqteEP$mOMpcjMMEI1D8yJsNTAIo2/3hh0MmiHa54ICKy1CzpE=', '2023-05-07 03:02:32.828081', 0, 'jsweetenham2', 'Jo', 'Sweetenham', 0, 0, '2023-05-07 03:02:32.828081', 'jsweetenham2@dion.ne.jp', 2);
INSERT INTO Core_user (id, password, last_login, is_superuser, username, first_name, last_name, is_staff, is_active, date_joined, email, account_type_id) VALUES (110, 'pbkdf2_sha256$600000$IphchGbKzeR0wIERoqteEP$mOMpcjMMEI1D8yJsNTAIo2/3hh0MmiHa54ICKy1CzpE=', '2023-05-07 03:02:32.828081', 0, 'ejennison3', 'Erie', 'Jennison', 0, 1, '2023-05-07 03:02:32.828081', 'ejennison3@livejournal.com', 2);
INSERT INTO Core_user (id, password, last_login, is_superuser, username, first_name, last_name, is_staff, is_active, date_joined, email, account_type_id) VALUES (111, 'pbkdf2_sha256$600000$IphchGbKzeR0wIERoqteEP$mOMpcjMMEI1D8yJsNTAIo2/3hh0MmiHa54ICKy1CzpE=', '2023-05-07 03:02:32.828081', 0, 'ofosken4', 'Orlando', 'Fosken', 0, 1, '2023-05-07 03:02:32.828081', 'ofosken4@howstuffworks.com', 2);
INSERT INTO Core_user (id, password, last_login, is_superuser, username, first_name, last_name, is_staff, is_active, date_joined, email, account_type_id) VALUES (112, 'pbkdf2_sha256$600000$IphchGbKzeR0wIERoqteEP$mOMpcjMMEI1D8yJsNTAIo2/3hh0MmiHa54ICKy1CzpE=', '2023-05-07 03:02:32.828081', 0, 'rhemshall5', 'Rochella', 'Hemshall', 0, 1, '2023-05-07 03:02:32.828081', 'rhemshall5@last.fm', 2);
INSERT INTO Core_user (id, password, last_login, is_superuser, username, first_name, last_name, is_staff, is_active, date_joined, email, account_type_id) VALUES (113, 'pbkdf2_sha256$600000$IphchGbKzeR0wIERoqteEP$mOMpcjMMEI1D8yJsNTAIo2/3hh0MmiHa54ICKy1CzpE=', '2023-05-07 03:02:32.828081', 0, 'gdosedale6', 'Germain', 'Dosedale', 0, 0, '2023-05-07 03:02:32.828081', 'gdosedale6@blogs.com', 2);
INSERT INTO Core_user (id, password, last_login, is_superuser, username, first_name, last_name, is_staff, is_active, date_joined, email, account_type_id) VALUES (114, 'pbkdf2_sha256$600000$IphchGbKzeR0wIERoqteEP$mOMpcjMMEI1D8yJsNTAIo2/3hh0MmiHa54ICKy1CzpE=', '2023-05-07 03:02:32.828081', 0, 'djodlkowski7', 'Dee dee', 'Jodlkowski', 0, 0, '2023-05-07 03:02:32.828081', 'djodlkowski7@a8.net', 2);
INSERT INTO Core_user (id, password, last_login, is_superuser, username, first_name, last_name, is_staff, is_active, date_joined, email, account_type_id) VALUES (115, 'pbkdf2_sha256$600000$IphchGbKzeR0wIERoqteEP$mOMpcjMMEI1D8yJsNTAIo2/3hh0MmiHa54ICKy1CzpE=', '2023-05-07 03:02:32.828081', 0, 'bbramhill8', 'Bernie', 'Bramhill', 0, 1, '2023-05-07 03:02:32.828081', 'bbramhill8@networksolutions.com', 2);
INSERT INTO Core_user (id, password, last_login, is_superuser, username, first_name, last_name, is_staff, is_active, date_joined, email, account_type_id) VALUES (116, 'pbkdf2_sha256$600000$IphchGbKzeR0wIERoqteEP$mOMpcjMMEI1D8yJsNTAIo2/3hh0MmiHa54ICKy1CzpE=', '2023-05-07 03:02:32.828081', 0, 'rtumielli9', 'Ryley', 'Tumielli', 0, 1, '2023-05-07 03:02:32.828081', 'rtumielli9@bbc.co.uk', 2);
INSERT INTO Core_user (id, password, last_login, is_superuser, username, first_name, last_name, is_staff, is_active, date_joined, email, account_type_id) VALUES (117, 'pbkdf2_sha256$600000$IphchGbKzeR0wIERoqteEP$mOMpcjMMEI1D8yJsNTAIo2/3hh0MmiHa54ICKy1CzpE=', '2023-05-07 03:02:32.828081', 0, 'ctappinga', 'Catrina', 'Tapping', 0, 0, '2023-05-07 03:02:32.828081', 'ctappinga@webnode.com', 2);
INSERT INTO Core_user (id, password, last_login, is_superuser, username, first_name, last_name, is_staff, is_active, date_joined, email, account_type_id) VALUES (118, 'pbkdf2_sha256$600000$IphchGbKzeR0wIERoqteEP$mOMpcjMMEI1D8yJsNTAIo2/3hh0MmiHa54ICKy1CzpE=', '2023-05-07 03:02:32.828081', 0, 'wdreghornb', 'Winnie', 'Dreghorn', 0, 1, '2023-05-07 03:02:32.828081', 'wdreghornb@odnoklassniki.ru', 2);
INSERT INTO Core_user (id, password, last_login, is_superuser, username, first_name, last_name, is_staff, is_active, date_joined, email, account_type_id) VALUES (119, 'pbkdf2_sha256$600000$IphchGbKzeR0wIERoqteEP$mOMpcjMMEI1D8yJsNTAIo2/3hh0MmiHa54ICKy1CzpE=', '2023-05-07 03:02:32.828081', 0, 'dcopnellc', 'Dawn', 'Copnell', 0, 1, '2023-05-07 03:02:32.828081', 'dcopnellc@omniture.com', 2);
INSERT INTO Core_user (id, password, last_login, is_superuser, username, first_name, last_name, is_staff, is_active, date_joined, email, account_type_id) VALUES (120, 'pbkdf2_sha256$600000$IphchGbKzeR0wIERoqteEP$mOMpcjMMEI1D8yJsNTAIo2/3hh0MmiHa54ICKy1CzpE=', '2023-05-07 03:02:32.828081', 0, 'bstathamd', 'Byran', 'Statham', 0, 1, '2023-05-07 03:02:32.828081', 'bstathamd@unblog.fr', 2);
INSERT INTO Core_user (id, password, last_login, is_superuser, username, first_name, last_name, is_staff, is_active, date_joined, email, account_type_id) VALUES (121, 'pbkdf2_sha256$600000$IphchGbKzeR0wIERoqteEP$mOMpcjMMEI1D8yJsNTAIo2/3hh0MmiHa54ICKy1CzpE=', '2023-05-07 03:02:32.828081', 0, 'choylee', 'Cory', 'Hoyle', 0, 0, '2023-05-07 03:02:32.828081', 'choylee@domainmarket.com', 2);
INSERT INTO Core_user (id, password, last_login, is_superuser, username, first_name, last_name, is_staff, is_active, date_joined, email, account_type_id) VALUES (122, 'pbkdf2_sha256$600000$IphchGbKzeR0wIERoqteEP$mOMpcjMMEI1D8yJsNTAIo2/3hh0MmiHa54ICKy1CzpE=', '2023-05-07 03:02:32.828081', 0, 'ashuttlef', 'Alexio', 'Shuttle', 0, 1, '2023-05-07 03:02:32.828081', 'ashuttlef@tinyurl.com', 2);
INSERT INTO Core_user (id, password, last_login, is_superuser, username, first_name, last_name, is_staff, is_active, date_joined, email, account_type_id) VALUES (123, 'pbkdf2_sha256$600000$IphchGbKzeR0wIERoqteEP$mOMpcjMMEI1D8yJsNTAIo2/3hh0MmiHa54ICKy1CzpE=', '2023-05-07 03:02:32.828081', 0, 'ssprowlesg', 'Si', 'Sprowles', 0, 1, '2023-05-07 03:02:32.828081', 'ssprowlesg@shop-pro.jp', 2);
INSERT INTO Core_user (id, password, last_login, is_superuser, username, first_name, last_name, is_staff, is_active, date_joined, email, account_type_id) VALUES (124, 'pbkdf2_sha256$600000$IphchGbKzeR0wIERoqteEP$mOMpcjMMEI1D8yJsNTAIo2/3hh0MmiHa54ICKy1CzpE=', '2023-05-07 03:02:32.828081', 0, 'vkaveh', 'Valaree', 'Kave', 0, 1, '2023-05-07 03:02:32.828081', 'vkaveh@ihg.com', 2);
INSERT INTO Core_user (id, password, last_login, is_superuser, username, first_name, last_name, is_staff, is_active, date_joined, email, account_type_id) VALUES (125, 'pbkdf2_sha256$600000$IphchGbKzeR0wIERoqteEP$mOMpcjMMEI1D8yJsNTAIo2/3hh0MmiHa54ICKy1CzpE=', '2023-05-07 03:02:32.828081', 0, 'gsunneri', 'Garnette', 'Sunner', 0, 0, '2023-05-07 03:02:32.828081', 'gsunneri@nbcnews.com', 2);
INSERT INTO Core_user (id, password, last_login, is_superuser, username, first_name, last_name, is_staff, is_active, date_joined, email, account_type_id) VALUES (126, 'pbkdf2_sha256$600000$IphchGbKzeR0wIERoqteEP$mOMpcjMMEI1D8yJsNTAIo2/3hh0MmiHa54ICKy1CzpE=', '2023-05-07 03:02:32.828081', 0, 'gjellardj', 'Gunther', 'Jellard', 0, 1, '2023-05-07 03:02:32.828081', 'gjellardj@pen.io', 2);
INSERT INTO Core_user (id, password, last_login, is_superuser, username, first_name, last_name, is_staff, is_active, date_joined, email, account_type_id) VALUES (127, 'pbkdf2_sha256$600000$IphchGbKzeR0wIERoqteEP$mOMpcjMMEI1D8yJsNTAIo2/3hh0MmiHa54ICKy1CzpE=', '2023-05-07 03:02:32.828081', 0, 'gpurdomk', 'Gigi', 'Purdom', 0, 0, '2023-05-07 03:02:32.828081', 'gpurdomk@about.me', 2);
INSERT INTO Core_user (id, password, last_login, is_superuser, username, first_name, last_name, is_staff, is_active, date_joined, email, account_type_id) VALUES (128, 'pbkdf2_sha256$600000$IphchGbKzeR0wIERoqteEP$mOMpcjMMEI1D8yJsNTAIo2/3hh0MmiHa54ICKy1CzpE=', '2023-05-07 03:02:32.828081', 0, 'kedwardsonl', 'Kizzie', 'Edwardson', 0, 0, '2023-05-07 03:02:32.828081', 'kedwardsonl@home.pl', 2);
INSERT INTO Core_user (id, password, last_login, is_superuser, username, first_name, last_name, is_staff, is_active, date_joined, email, account_type_id) VALUES (129, 'pbkdf2_sha256$600000$IphchGbKzeR0wIERoqteEP$mOMpcjMMEI1D8yJsNTAIo2/3hh0MmiHa54ICKy1CzpE=', '2023-05-07 03:02:32.828081', 0, 'jpeirom', 'Jacquetta', 'Peiro', 0, 0, '2023-05-07 03:02:32.828081', 'jpeirom@geocities.jp', 2);
INSERT INTO Core_user (id, password, last_login, is_superuser, username, first_name, last_name, is_staff, is_active, date_joined, email, account_type_id) VALUES (130, 'pbkdf2_sha256$600000$IphchGbKzeR0wIERoqteEP$mOMpcjMMEI1D8yJsNTAIo2/3hh0MmiHa54ICKy1CzpE=', '2023-05-07 03:02:32.828081', 0, 'gjemmettn', 'Ginni', 'Jemmett', 0, 0, '2023-05-07 03:02:32.828081', 'gjemmettn@123-reg.co.uk', 2);
INSERT INTO Core_user (id, password, last_login, is_superuser, username, first_name, last_name, is_staff, is_active, date_joined, email, account_type_id) VALUES (131, 'pbkdf2_sha256$600000$IphchGbKzeR0wIERoqteEP$mOMpcjMMEI1D8yJsNTAIo2/3hh0MmiHa54ICKy1CzpE=', '2023-05-07 03:02:32.828081', 0, 'wjanskyo', 'Willie', 'Jansky', 0, 1, '2023-05-07 03:02:32.828081', 'wjanskyo@360.cn', 2);
INSERT INTO Core_user (id, password, last_login, is_superuser, username, first_name, last_name, is_staff, is_active, date_joined, email, account_type_id) VALUES (132, 'pbkdf2_sha256$600000$IphchGbKzeR0wIERoqteEP$mOMpcjMMEI1D8yJsNTAIo2/3hh0MmiHa54ICKy1CzpE=', '2023-05-07 03:02:32.828081', 0, 'dscrimshirep', 'Dix', 'Scrimshire', 0, 1, '2023-05-07 03:02:32.828081', 'dscrimshirep@dropbox.com', 2);
INSERT INTO Core_user (id, password, last_login, is_superuser, username, first_name, last_name, is_staff, is_active, date_joined, email, account_type_id) VALUES (133, 'pbkdf2_sha256$600000$IphchGbKzeR0wIERoqteEP$mOMpcjMMEI1D8yJsNTAIo2/3hh0MmiHa54ICKy1CzpE=', '2023-05-07 03:02:32.828081', 0, 'zvollamq', 'Zelda', 'Vollam', 0, 1, '2023-05-07 03:02:32.828081', 'zvollamq@springer.com', 2);
INSERT INTO Core_user (id, password, last_login, is_superuser, username, first_name, last_name, is_staff, is_active, date_joined, email, account_type_id) VALUES (134, 'pbkdf2_sha256$600000$IphchGbKzeR0wIERoqteEP$mOMpcjMMEI1D8yJsNTAIo2/3hh0MmiHa54ICKy1CzpE=', '2023-05-07 03:02:32.828081', 0, 'lrolinsonr', 'Lorry', 'Rolinson', 0, 1, '2023-05-07 03:02:32.828081', 'lrolinsonr@un.org', 2);
INSERT INTO Core_user (id, password, last_login, is_superuser, username, first_name, last_name, is_staff, is_active, date_joined, email, account_type_id) VALUES (135, 'pbkdf2_sha256$600000$IphchGbKzeR0wIERoqteEP$mOMpcjMMEI1D8yJsNTAIo2/3hh0MmiHa54ICKy1CzpE=', '2023-05-07 03:02:32.828081', 0, 'krumfords', 'Kaia', 'Rumford', 0, 1, '2023-05-07 03:02:32.828081', 'krumfords@mysql.com', 2);
INSERT INTO Core_user (id, password, last_login, is_superuser, username, first_name, last_name, is_staff, is_active, date_joined, email, account_type_id) VALUES (136, 'pbkdf2_sha256$600000$IphchGbKzeR0wIERoqteEP$mOMpcjMMEI1D8yJsNTAIo2/3hh0MmiHa54ICKy1CzpE=', '2023-05-07 03:02:32.828081', 0, 'cmusgrovet', 'Cammy', 'Musgrove', 0, 1, '2023-05-07 03:02:32.828081', 'cmusgrovet@harvard.edu', 2);
INSERT INTO Core_user (id, password, last_login, is_superuser, username, first_name, last_name, is_staff, is_active, date_joined, email, account_type_id) VALUES (137, 'pbkdf2_sha256$600000$IphchGbKzeR0wIERoqteEP$mOMpcjMMEI1D8yJsNTAIo2/3hh0MmiHa54ICKy1CzpE=', '2023-05-07 03:02:32.828081', 0, 'jgaiu', 'Jonis', 'Gai', 0, 0, '2023-05-07 03:02:32.828081', 'jgaiu@state.gov', 2);
INSERT INTO Core_user (id, password, last_login, is_superuser, username, first_name, last_name, is_staff, is_active, date_joined, email, account_type_id) VALUES (138, 'pbkdf2_sha256$600000$IphchGbKzeR0wIERoqteEP$mOMpcjMMEI1D8yJsNTAIo2/3hh0MmiHa54ICKy1CzpE=', '2023-05-07 03:02:32.828081', 0, 'jcopnarv', 'Jory', 'Copnar', 0, 1, '2023-05-07 03:02:32.828081', 'jcopnarv@1und1.de', 2);
INSERT INTO Core_user (id, password, last_login, is_superuser, username, first_name, last_name, is_staff, is_active, date_joined, email, account_type_id) VALUES (139, 'pbkdf2_sha256$600000$IphchGbKzeR0wIERoqteEP$mOMpcjMMEI1D8yJsNTAIo2/3hh0MmiHa54ICKy1CzpE=', '2023-05-07 03:02:32.828081', 0, 'iastberyw', 'Idell', 'Astbery', 0, 1, '2023-05-07 03:02:32.828081', 'iastberyw@tinypic.com', 2);
INSERT INTO Core_user (id, password, last_login, is_superuser, username, first_name, last_name, is_staff, is_active, date_joined, email, account_type_id) VALUES (140, 'pbkdf2_sha256$600000$IphchGbKzeR0wIERoqteEP$mOMpcjMMEI1D8yJsNTAIo2/3hh0MmiHa54ICKy1CzpE=', '2023-05-07 03:02:32.828081', 0, 'aosipenkox', 'Alyssa', 'Osipenko', 0, 0, '2023-05-07 03:02:32.828081', 'aosipenkox@friendfeed.com', 2);
INSERT INTO Core_user (id, password, last_login, is_superuser, username, first_name, last_name, is_staff, is_active, date_joined, email, account_type_id) VALUES (141, 'pbkdf2_sha256$600000$IphchGbKzeR0wIERoqteEP$mOMpcjMMEI1D8yJsNTAIo2/3hh0MmiHa54ICKy1CzpE=', '2023-05-07 03:02:32.828081', 0, 'mmaccoughany', 'Michel', 'MacCoughan', 0, 0, '2023-05-07 03:02:32.828081', 'mmaccoughany@sfgate.com', 2);
INSERT INTO Core_user (id, password, last_login, is_superuser, username, first_name, last_name, is_staff, is_active, date_joined, email, account_type_id) VALUES (142, 'pbkdf2_sha256$600000$IphchGbKzeR0wIERoqteEP$mOMpcjMMEI1D8yJsNTAIo2/3hh0MmiHa54ICKy1CzpE=', '2023-05-07 03:02:32.828081', 0, 'bnorleyz', 'Beniamino', 'Norley', 0, 1, '2023-05-07 03:02:32.828081', 'bnorleyz@uiuc.edu', 2);
INSERT INTO Core_user (id, password, last_login, is_superuser, username, first_name, last_name, is_staff, is_active, date_joined, email, account_type_id) VALUES (143, 'pbkdf2_sha256$600000$IphchGbKzeR0wIERoqteEP$mOMpcjMMEI1D8yJsNTAIo2/3hh0MmiHa54ICKy1CzpE=', '2023-05-07 03:02:32.828081', 0, 'dcampe10', 'Diann', 'Campe', 0, 0, '2023-05-07 03:02:32.828081', 'dcampe10@apache.org', 2);
INSERT INTO Core_user (id, password, last_login, is_superuser, username, first_name, last_name, is_staff, is_active, date_joined, email, account_type_id) VALUES (144, 'pbkdf2_sha256$600000$IphchGbKzeR0wIERoqteEP$mOMpcjMMEI1D8yJsNTAIo2/3hh0MmiHa54ICKy1CzpE=', '2023-05-07 03:02:32.828081', 0, 'celecum11', 'Carlye', 'Elecum', 0, 1, '2023-05-07 03:02:32.828081', 'celecum11@fc2.com', 2);
INSERT INTO Core_user (id, password, last_login, is_superuser, username, first_name, last_name, is_staff, is_active, date_joined, email, account_type_id) VALUES (145, 'pbkdf2_sha256$600000$IphchGbKzeR0wIERoqteEP$mOMpcjMMEI1D8yJsNTAIo2/3hh0MmiHa54ICKy1CzpE=', '2023-05-07 03:02:32.828081', 0, 'rgorst12', 'Renata', 'Gorst', 0, 0, '2023-05-07 03:02:32.828081', 'rgorst12@about.me', 2);
INSERT INTO Core_user (id, password, last_login, is_superuser, username, first_name, last_name, is_staff, is_active, date_joined, email, account_type_id) VALUES (146, 'pbkdf2_sha256$600000$IphchGbKzeR0wIERoqteEP$mOMpcjMMEI1D8yJsNTAIo2/3hh0MmiHa54ICKy1CzpE=', '2023-05-07 03:02:32.828081', 0, 'mlovelace13', 'Marilee', 'Lovelace', 0, 1, '2023-05-07 03:02:32.828081', 'mlovelace13@tamu.edu', 2);
INSERT INTO Core_user (id, password, last_login, is_superuser, username, first_name, last_name, is_staff, is_active, date_joined, email, account_type_id) VALUES (147, 'pbkdf2_sha256$600000$IphchGbKzeR0wIERoqteEP$mOMpcjMMEI1D8yJsNTAIo2/3hh0MmiHa54ICKy1CzpE=', '2023-05-07 03:02:32.828081', 0, 'pbellay14', 'Prudi', 'Bellay', 0, 0, '2023-05-07 03:02:32.828081', 'pbellay14@alexa.com', 2);
INSERT INTO Core_user (id, password, last_login, is_superuser, username, first_name, last_name, is_staff, is_active, date_joined, email, account_type_id) VALUES (148, 'pbkdf2_sha256$600000$IphchGbKzeR0wIERoqteEP$mOMpcjMMEI1D8yJsNTAIo2/3hh0MmiHa54ICKy1CzpE=', '2023-05-07 03:02:32.828081', 0, 'jhuckleby15', 'Johan', 'Huckleby', 0, 1, '2023-05-07 03:02:32.828081', 'jhuckleby15@smugmug.com', 2);
INSERT INTO Core_user (id, password, last_login, is_superuser, username, first_name, last_name, is_staff, is_active, date_joined, email, account_type_id) VALUES (149, 'pbkdf2_sha256$600000$IphchGbKzeR0wIERoqteEP$mOMpcjMMEI1D8yJsNTAIo2/3hh0MmiHa54ICKy1CzpE=', '2023-05-07 03:02:32.828081', 0, 'kphidgin16', 'Kit', 'Phidgin', 0, 0, '2023-05-07 03:02:32.828081', 'kphidgin16@e-recht24.de', 2);
INSERT INTO Core_user (id, password, last_login, is_superuser, username, first_name, last_name, is_staff, is_active, date_joined, email, account_type_id) VALUES (150, 'pbkdf2_sha256$600000$IphchGbKzeR0wIERoqteEP$mOMpcjMMEI1D8yJsNTAIo2/3hh0MmiHa54ICKy1CzpE=', '2023-05-07 03:02:32.828081', 0, 'bhassett17', 'Burlie', 'Hassett', 0, 1, '2023-05-07 03:02:32.828081', 'bhassett17@springer.com', 2);
INSERT INTO Core_user (id, password, last_login, is_superuser, username, first_name, last_name, is_staff, is_active, date_joined, email, account_type_id) VALUES (151, 'pbkdf2_sha256$600000$IphchGbKzeR0wIERoqteEP$mOMpcjMMEI1D8yJsNTAIo2/3hh0MmiHa54ICKy1CzpE=', '2023-05-07 03:02:32.828081', 0, 'gphilipet18', 'Garik', 'Philipet', 0, 0, '2023-05-07 03:02:32.828081', 'gphilipet18@baidu.com', 2);
INSERT INTO Core_user (id, password, last_login, is_superuser, username, first_name, last_name, is_staff, is_active, date_joined, email, account_type_id) VALUES (152, 'pbkdf2_sha256$600000$IphchGbKzeR0wIERoqteEP$mOMpcjMMEI1D8yJsNTAIo2/3hh0MmiHa54ICKy1CzpE=', '2023-05-07 03:02:32.828081', 0, 'fdigger19', 'Farrel', 'Digger', 0, 1, '2023-05-07 03:02:32.828081', 'fdigger19@hexun.com', 2);
INSERT INTO Core_user (id, password, last_login, is_superuser, username, first_name, last_name, is_staff, is_active, date_joined, email, account_type_id) VALUES (153, 'pbkdf2_sha256$600000$IphchGbKzeR0wIERoqteEP$mOMpcjMMEI1D8yJsNTAIo2/3hh0MmiHa54ICKy1CzpE=', '2023-05-07 03:02:32.828081', 0, 'ngeraldini1a', 'Neel', 'Geraldini', 0, 0, '2023-05-07 03:02:32.828081', 'ngeraldini1a@delicious.com', 2);
INSERT INTO Core_user (id, password, last_login, is_superuser, username, first_name, last_name, is_staff, is_active, date_joined, email, account_type_id) VALUES (154, 'pbkdf2_sha256$600000$IphchGbKzeR0wIERoqteEP$mOMpcjMMEI1D8yJsNTAIo2/3hh0MmiHa54ICKy1CzpE=', '2023-05-07 03:02:32.828081', 0, 'wlowdes1b', 'Wilmar', 'Lowdes', 0, 0, '2023-05-07 03:02:32.828081', 'wlowdes1b@reverbnation.com', 2);
INSERT INTO Core_user (id, password, last_login, is_superuser, username, first_name, last_name, is_staff, is_active, date_joined, email, account_type_id) VALUES (155, 'pbkdf2_sha256$600000$IphchGbKzeR0wIERoqteEP$mOMpcjMMEI1D8yJsNTAIo2/3hh0MmiHa54ICKy1CzpE=', '2023-05-07 03:02:32.828081', 0, 'keayres1c', 'Kettie', 'Eayres', 0, 1, '2023-05-07 03:02:32.828081', 'keayres1c@webs.com', 2);
INSERT INTO Core_user (id, password, last_login, is_superuser, username, first_name, last_name, is_staff, is_active, date_joined, email, account_type_id) VALUES (156, 'pbkdf2_sha256$600000$IphchGbKzeR0wIERoqteEP$mOMpcjMMEI1D8yJsNTAIo2/3hh0MmiHa54ICKy1CzpE=', '2023-05-07 03:02:32.828081', 0, 'kzappel1d', 'Karalynn', 'Zappel', 0, 1, '2023-05-07 03:02:32.828081', 'kzappel1d@mtv.com', 2);
INSERT INTO Core_user (id, password, last_login, is_superuser, username, first_name, last_name, is_staff, is_active, date_joined, email, account_type_id) VALUES (157, 'pbkdf2_sha256$600000$IphchGbKzeR0wIERoqteEP$mOMpcjMMEI1D8yJsNTAIo2/3hh0MmiHa54ICKy1CzpE=', '2023-05-07 03:02:32.828081', 0, 'rlaurentino1e', 'Randie', 'Laurentino', 0, 0, '2023-05-07 03:02:32.828081', 'rlaurentino1e@printfriendly.com', 2);
INSERT INTO Core_user (id, password, last_login, is_superuser, username, first_name, last_name, is_staff, is_active, date_joined, email, account_type_id) VALUES (158, 'pbkdf2_sha256$600000$IphchGbKzeR0wIERoqteEP$mOMpcjMMEI1D8yJsNTAIo2/3hh0MmiHa54ICKy1CzpE=', '2023-05-07 03:02:32.828081', 0, 'jlukins1f', 'Jeromy', 'Lukins', 0, 1, '2023-05-07 03:02:32.828081', 'jlukins1f@jigsy.com', 2);
INSERT INTO Core_user (id, password, last_login, is_superuser, username, first_name, last_name, is_staff, is_active, date_joined, email, account_type_id) VALUES (159, 'pbkdf2_sha256$600000$IphchGbKzeR0wIERoqteEP$mOMpcjMMEI1D8yJsNTAIo2/3hh0MmiHa54ICKy1CzpE=', '2023-05-07 03:02:32.828081', 0, 'mgiovanni1g', 'Matias', 'Giovanni', 0, 1, '2023-05-07 03:02:32.828081', 'mgiovanni1g@netlog.com', 2);
INSERT INTO Core_user (id, password, last_login, is_superuser, username, first_name, last_name, is_staff, is_active, date_joined, email, account_type_id) VALUES (160, 'pbkdf2_sha256$600000$IphchGbKzeR0wIERoqteEP$mOMpcjMMEI1D8yJsNTAIo2/3hh0MmiHa54ICKy1CzpE=', '2023-05-07 03:02:32.828081', 0, 'fwanklyn1h', 'Filberte', 'Wanklyn', 0, 0, '2023-05-07 03:02:32.828081', 'fwanklyn1h@bigcartel.com', 2);
INSERT INTO Core_user (id, password, last_login, is_superuser, username, first_name, last_name, is_staff, is_active, date_joined, email, account_type_id) VALUES (161, 'pbkdf2_sha256$600000$IphchGbKzeR0wIERoqteEP$mOMpcjMMEI1D8yJsNTAIo2/3hh0MmiHa54ICKy1CzpE=', '2023-05-07 03:02:32.828081', 0, 'epfiffer1i', 'Ely', 'Pfiffer', 0, 1, '2023-05-07 03:02:32.828081', 'epfiffer1i@addthis.com', 2);
INSERT INTO Core_user (id, password, last_login, is_superuser, username, first_name, last_name, is_staff, is_active, date_joined, email, account_type_id) VALUES (162, 'pbkdf2_sha256$600000$IphchGbKzeR0wIERoqteEP$mOMpcjMMEI1D8yJsNTAIo2/3hh0MmiHa54ICKy1CzpE=', '2023-05-07 03:02:32.828081', 0, 'amitkin1j', 'Abbie', 'Mitkin', 0, 1, '2023-05-07 03:02:32.828081', 'amitkin1j@shutterfly.com', 2);
INSERT INTO Core_user (id, password, last_login, is_superuser, username, first_name, last_name, is_staff, is_active, date_joined, email, account_type_id) VALUES (163, 'pbkdf2_sha256$600000$IphchGbKzeR0wIERoqteEP$mOMpcjMMEI1D8yJsNTAIo2/3hh0MmiHa54ICKy1CzpE=', '2023-05-07 03:02:32.828081', 0, 'gpotkins1k', 'Greer', 'Potkins', 0, 1, '2023-05-07 03:02:32.828081', 'gpotkins1k@is.gd', 2);
INSERT INTO Core_user (id, password, last_login, is_superuser, username, first_name, last_name, is_staff, is_active, date_joined, email, account_type_id) VALUES (164, 'pbkdf2_sha256$600000$IphchGbKzeR0wIERoqteEP$mOMpcjMMEI1D8yJsNTAIo2/3hh0MmiHa54ICKy1CzpE=', '2023-05-07 03:02:32.828081', 0, 'equadrio1l', 'Ethel', 'Quadrio', 0, 1, '2023-05-07 03:02:32.828081', 'equadrio1l@europa.eu', 2);
INSERT INTO Core_user (id, password, last_login, is_superuser, username, first_name, last_name, is_staff, is_active, date_joined, email, account_type_id) VALUES (165, 'pbkdf2_sha256$600000$IphchGbKzeR0wIERoqteEP$mOMpcjMMEI1D8yJsNTAIo2/3hh0MmiHa54ICKy1CzpE=', '2023-05-07 03:02:32.828081', 0, 'fkubacek1m', 'Field', 'Kubacek', 0, 0, '2023-05-07 03:02:32.828081', 'fkubacek1m@theatlantic.com', 2);
INSERT INTO Core_user (id, password, last_login, is_superuser, username, first_name, last_name, is_staff, is_active, date_joined, email, account_type_id) VALUES (166, 'pbkdf2_sha256$600000$IphchGbKzeR0wIERoqteEP$mOMpcjMMEI1D8yJsNTAIo2/3hh0MmiHa54ICKy1CzpE=', '2023-05-07 03:02:32.828081', 0, 'yeddie1n', 'Yanaton', 'Eddie', 0, 1, '2023-05-07 03:02:32.828081', 'yeddie1n@umn.edu', 2);
INSERT INTO Core_user (id, password, last_login, is_superuser, username, first_name, last_name, is_staff, is_active, date_joined, email, account_type_id) VALUES (167, 'pbkdf2_sha256$600000$IphchGbKzeR0wIERoqteEP$mOMpcjMMEI1D8yJsNTAIo2/3hh0MmiHa54ICKy1CzpE=', '2023-05-07 03:02:32.828081', 0, 'bhume1o', 'Beryle', 'Hume', 0, 1, '2023-05-07 03:02:32.828081', 'bhume1o@ft.com', 2);
INSERT INTO Core_user (id, password, last_login, is_superuser, username, first_name, last_name, is_staff, is_active, date_joined, email, account_type_id) VALUES (168, 'pbkdf2_sha256$600000$IphchGbKzeR0wIERoqteEP$mOMpcjMMEI1D8yJsNTAIo2/3hh0MmiHa54ICKy1CzpE=', '2023-05-07 03:02:32.828081', 0, 'hentreis1p', 'Harlen', 'Entreis', 0, 1, '2023-05-07 03:02:32.828081', 'hentreis1p@google.com.au', 2);
INSERT INTO Core_user (id, password, last_login, is_superuser, username, first_name, last_name, is_staff, is_active, date_joined, email, account_type_id) VALUES (169, 'pbkdf2_sha256$600000$IphchGbKzeR0wIERoqteEP$mOMpcjMMEI1D8yJsNTAIo2/3hh0MmiHa54ICKy1CzpE=', '2023-05-07 03:02:32.828081', 0, 'kwillshaw1q', 'Kleon', 'Willshaw', 0, 1, '2023-05-07 03:02:32.828081', 'kwillshaw1q@reverbnation.com', 2);
INSERT INTO Core_user (id, password, last_login, is_superuser, username, first_name, last_name, is_staff, is_active, date_joined, email, account_type_id) VALUES (170, 'pbkdf2_sha256$600000$IphchGbKzeR0wIERoqteEP$mOMpcjMMEI1D8yJsNTAIo2/3hh0MmiHa54ICKy1CzpE=', '2023-05-07 03:02:32.828081', 0, 'tpenquet1r', 'Tedra', 'Penquet', 0, 0, '2023-05-07 03:02:32.828081', 'tpenquet1r@harvard.edu', 2);
INSERT INTO Core_user (id, password, last_login, is_superuser, username, first_name, last_name, is_staff, is_active, date_joined, email, account_type_id) VALUES (171, 'pbkdf2_sha256$600000$IphchGbKzeR0wIERoqteEP$mOMpcjMMEI1D8yJsNTAIo2/3hh0MmiHa54ICKy1CzpE=', '2023-05-07 03:02:32.828081', 0, 'bconan1s', 'Berthe', 'Conan', 0, 1, '2023-05-07 03:02:32.828081', 'bconan1s@bravesites.com', 2);
INSERT INTO Core_user (id, password, last_login, is_superuser, username, first_name, last_name, is_staff, is_active, date_joined, email, account_type_id) VALUES (172, 'pbkdf2_sha256$600000$IphchGbKzeR0wIERoqteEP$mOMpcjMMEI1D8yJsNTAIo2/3hh0MmiHa54ICKy1CzpE=', '2023-05-07 03:02:32.828081', 0, 'tkalberer1t', 'Tab', 'Kalberer', 0, 0, '2023-05-07 03:02:32.828081', 'tkalberer1t@free.fr', 2);
INSERT INTO Core_user (id, password, last_login, is_superuser, username, first_name, last_name, is_staff, is_active, date_joined, email, account_type_id) VALUES (173, 'pbkdf2_sha256$600000$IphchGbKzeR0wIERoqteEP$mOMpcjMMEI1D8yJsNTAIo2/3hh0MmiHa54ICKy1CzpE=', '2023-05-07 03:02:32.828081', 0, 'dshrimpton1u', 'Diandra', 'Shrimpton', 0, 0, '2023-05-07 03:02:32.828081', 'dshrimpton1u@hubpages.com', 2);
INSERT INTO Core_user (id, password, last_login, is_superuser, username, first_name, last_name, is_staff, is_active, date_joined, email, account_type_id) VALUES (174, 'pbkdf2_sha256$600000$IphchGbKzeR0wIERoqteEP$mOMpcjMMEI1D8yJsNTAIo2/3hh0MmiHa54ICKy1CzpE=', '2023-05-07 03:02:32.828081', 0, 'lyegorovnin1v', 'Lavena', 'Yegorovnin', 0, 1, '2023-05-07 03:02:32.828081', 'lyegorovnin1v@oracle.com', 2);
INSERT INTO Core_user (id, password, last_login, is_superuser, username, first_name, last_name, is_staff, is_active, date_joined, email, account_type_id) VALUES (175, 'pbkdf2_sha256$600000$IphchGbKzeR0wIERoqteEP$mOMpcjMMEI1D8yJsNTAIo2/3hh0MmiHa54ICKy1CzpE=', '2023-05-07 03:02:32.828081', 0, 'dwartnaby1w', 'Dennison', 'Wartnaby', 0, 1, '2023-05-07 03:02:32.828081', 'dwartnaby1w@ftc.gov', 2);
INSERT INTO Core_user (id, password, last_login, is_superuser, username, first_name, last_name, is_staff, is_active, date_joined, email, account_type_id) VALUES (176, 'pbkdf2_sha256$600000$IphchGbKzeR0wIERoqteEP$mOMpcjMMEI1D8yJsNTAIo2/3hh0MmiHa54ICKy1CzpE=', '2023-05-07 03:02:32.828081', 0, 'oroset1x', 'Orella', 'Roset', 0, 0, '2023-05-07 03:02:32.828081', 'oroset1x@jugem.jp', 2);
INSERT INTO Core_user (id, password, last_login, is_superuser, username, first_name, last_name, is_staff, is_active, date_joined, email, account_type_id) VALUES (177, 'pbkdf2_sha256$600000$IphchGbKzeR0wIERoqteEP$mOMpcjMMEI1D8yJsNTAIo2/3hh0MmiHa54ICKy1CzpE=', '2023-05-07 03:02:32.828081', 0, 'jwank1y', 'Jacquetta', 'Wank', 0, 0, '2023-05-07 03:02:32.828081', 'jwank1y@opensource.org', 2);
INSERT INTO Core_user (id, password, last_login, is_superuser, username, first_name, last_name, is_staff, is_active, date_joined, email, account_type_id) VALUES (178, 'pbkdf2_sha256$600000$IphchGbKzeR0wIERoqteEP$mOMpcjMMEI1D8yJsNTAIo2/3hh0MmiHa54ICKy1CzpE=', '2023-05-07 03:02:32.828081', 0, 'istembridge1z', 'Innis', 'Stembridge', 0, 0, '2023-05-07 03:02:32.828081', 'istembridge1z@theguardian.com', 2);
INSERT INTO Core_user (id, password, last_login, is_superuser, username, first_name, last_name, is_staff, is_active, date_joined, email, account_type_id) VALUES (179, 'pbkdf2_sha256$600000$IphchGbKzeR0wIERoqteEP$mOMpcjMMEI1D8yJsNTAIo2/3hh0MmiHa54ICKy1CzpE=', '2023-05-07 03:02:32.828081', 0, 'ldomke20', 'Lyndsay', 'Domke', 0, 0, '2023-05-07 03:02:32.828081', 'ldomke20@ocn.ne.jp', 2);
INSERT INTO Core_user (id, password, last_login, is_superuser, username, first_name, last_name, is_staff, is_active, date_joined, email, account_type_id) VALUES (180, 'pbkdf2_sha256$600000$IphchGbKzeR0wIERoqteEP$mOMpcjMMEI1D8yJsNTAIo2/3hh0MmiHa54ICKy1CzpE=', '2023-05-07 03:02:32.828081', 0, 'arubinivitz21', 'Ashlen', 'Rubinivitz', 0, 0, '2023-05-07 03:02:32.828081', 'arubinivitz21@behance.net', 2);
INSERT INTO Core_user (id, password, last_login, is_superuser, username, first_name, last_name, is_staff, is_active, date_joined, email, account_type_id) VALUES (181, 'pbkdf2_sha256$600000$IphchGbKzeR0wIERoqteEP$mOMpcjMMEI1D8yJsNTAIo2/3hh0MmiHa54ICKy1CzpE=', '2023-05-07 03:02:32.828081', 0, 'hspeer22', 'Halimeda', 'Speer', 0, 1, '2023-05-07 03:02:32.828081', 'hspeer22@xinhuanet.com', 2);
INSERT INTO Core_user (id, password, last_login, is_superuser, username, first_name, last_name, is_staff, is_active, date_joined, email, account_type_id) VALUES (182, 'pbkdf2_sha256$600000$IphchGbKzeR0wIERoqteEP$mOMpcjMMEI1D8yJsNTAIo2/3hh0MmiHa54ICKy1CzpE=', '2023-05-07 03:02:32.828081', 0, 'rlevington23', 'Rosemonde', 'Levington', 0, 0, '2023-05-07 03:02:32.828081', 'rlevington23@rakuten.co.jp', 2);
INSERT INTO Core_user (id, password, last_login, is_superuser, username, first_name, last_name, is_staff, is_active, date_joined, email, account_type_id) VALUES (183, 'pbkdf2_sha256$600000$IphchGbKzeR0wIERoqteEP$mOMpcjMMEI1D8yJsNTAIo2/3hh0MmiHa54ICKy1CzpE=', '2023-05-07 03:02:32.828081', 0, 'ssaffe24', 'Stearne', 'Saffe', 0, 1, '2023-05-07 03:02:32.828081', 'ssaffe24@netvibes.com', 2);
INSERT INTO Core_user (id, password, last_login, is_superuser, username, first_name, last_name, is_staff, is_active, date_joined, email, account_type_id) VALUES (184, 'pbkdf2_sha256$600000$IphchGbKzeR0wIERoqteEP$mOMpcjMMEI1D8yJsNTAIo2/3hh0MmiHa54ICKy1CzpE=', '2023-05-07 03:02:32.828081', 0, 'bgorries25', 'Baxy', 'Gorries', 0, 0, '2023-05-07 03:02:32.828081', 'bgorries25@berkeley.edu', 2);
INSERT INTO Core_user (id, password, last_login, is_superuser, username, first_name, last_name, is_staff, is_active, date_joined, email, account_type_id) VALUES (185, 'pbkdf2_sha256$600000$IphchGbKzeR0wIERoqteEP$mOMpcjMMEI1D8yJsNTAIo2/3hh0MmiHa54ICKy1CzpE=', '2023-05-07 03:02:32.828081', 0, 'eblethyn26', 'Edna', 'Blethyn', 0, 1, '2023-05-07 03:02:32.828081', 'eblethyn26@unc.edu', 2);
INSERT INTO Core_user (id, password, last_login, is_superuser, username, first_name, last_name, is_staff, is_active, date_joined, email, account_type_id) VALUES (186, 'pbkdf2_sha256$600000$IphchGbKzeR0wIERoqteEP$mOMpcjMMEI1D8yJsNTAIo2/3hh0MmiHa54ICKy1CzpE=', '2023-05-07 03:02:32.828081', 0, 'gdicker27', 'Gerianna', 'Dicker', 0, 1, '2023-05-07 03:02:32.828081', 'gdicker27@marriott.com', 2);
INSERT INTO Core_user (id, password, last_login, is_superuser, username, first_name, last_name, is_staff, is_active, date_joined, email, account_type_id) VALUES (187, 'pbkdf2_sha256$600000$IphchGbKzeR0wIERoqteEP$mOMpcjMMEI1D8yJsNTAIo2/3hh0MmiHa54ICKy1CzpE=', '2023-05-07 03:02:32.828081', 0, 'mcookman28', 'Marketa', 'Cookman', 0, 1, '2023-05-07 03:02:32.828081', 'mcookman28@state.gov', 2);
INSERT INTO Core_user (id, password, last_login, is_superuser, username, first_name, last_name, is_staff, is_active, date_joined, email, account_type_id) VALUES (188, 'pbkdf2_sha256$600000$IphchGbKzeR0wIERoqteEP$mOMpcjMMEI1D8yJsNTAIo2/3hh0MmiHa54ICKy1CzpE=', '2023-05-07 03:02:32.828081', 0, 'asloss29', 'Alan', 'Sloss', 0, 1, '2023-05-07 03:02:32.828081', 'asloss29@discuz.net', 2);
INSERT INTO Core_user (id, password, last_login, is_superuser, username, first_name, last_name, is_staff, is_active, date_joined, email, account_type_id) VALUES (189, 'pbkdf2_sha256$600000$IphchGbKzeR0wIERoqteEP$mOMpcjMMEI1D8yJsNTAIo2/3hh0MmiHa54ICKy1CzpE=', '2023-05-07 03:02:32.828081', 0, 'cnannoni2a', 'Corabella', 'Nannoni', 0, 1, '2023-05-07 03:02:32.828081', 'cnannoni2a@quantcast.com', 2);
INSERT INTO Core_user (id, password, last_login, is_superuser, username, first_name, last_name, is_staff, is_active, date_joined, email, account_type_id) VALUES (190, 'pbkdf2_sha256$600000$IphchGbKzeR0wIERoqteEP$mOMpcjMMEI1D8yJsNTAIo2/3hh0MmiHa54ICKy1CzpE=', '2023-05-07 03:02:32.828081', 0, 'bclappison2b', 'Bradly', 'Clappison', 0, 0, '2023-05-07 03:02:32.828081', 'bclappison2b@slate.com', 2);
INSERT INTO Core_user (id, password, last_login, is_superuser, username, first_name, last_name, is_staff, is_active, date_joined, email, account_type_id) VALUES (191, 'pbkdf2_sha256$600000$IphchGbKzeR0wIERoqteEP$mOMpcjMMEI1D8yJsNTAIo2/3hh0MmiHa54ICKy1CzpE=', '2023-05-07 03:02:32.828081', 0, 'acholmondeley2c', 'Abagail', 'Cholmondeley', 0, 0, '2023-05-07 03:02:32.828081', 'acholmondeley2c@de.vu', 2);
INSERT INTO Core_user (id, password, last_login, is_superuser, username, first_name, last_name, is_staff, is_active, date_joined, email, account_type_id) VALUES (192, 'pbkdf2_sha256$600000$IphchGbKzeR0wIERoqteEP$mOMpcjMMEI1D8yJsNTAIo2/3hh0MmiHa54ICKy1CzpE=', '2023-05-07 03:02:32.828081', 0, 'fohalloran2d', 'Filide', 'O''Halloran', 0, 0, '2023-05-07 03:02:32.828081', 'fohalloran2d@elegantthemes.com', 2);
INSERT INTO Core_user (id, password, last_login, is_superuser, username, first_name, last_name, is_staff, is_active, date_joined, email, account_type_id) VALUES (193, 'pbkdf2_sha256$600000$IphchGbKzeR0wIERoqteEP$mOMpcjMMEI1D8yJsNTAIo2/3hh0MmiHa54ICKy1CzpE=', '2023-05-07 03:02:32.828081', 0, 'mmorrott2e', 'Mychal', 'Morrott', 0, 0, '2023-05-07 03:02:32.828081', 'mmorrott2e@google.com.br', 2);
INSERT INTO Core_user (id, password, last_login, is_superuser, username, first_name, last_name, is_staff, is_active, date_joined, email, account_type_id) VALUES (194, 'pbkdf2_sha256$600000$IphchGbKzeR0wIERoqteEP$mOMpcjMMEI1D8yJsNTAIo2/3hh0MmiHa54ICKy1CzpE=', '2023-05-07 03:02:32.828081', 0, 'jfernier2f', 'Janel', 'Fernier', 0, 0, '2023-05-07 03:02:32.828081', 'jfernier2f@elpais.com', 2);
INSERT INTO Core_user (id, password, last_login, is_superuser, username, first_name, last_name, is_staff, is_active, date_joined, email, account_type_id) VALUES (195, 'pbkdf2_sha256$600000$IphchGbKzeR0wIERoqteEP$mOMpcjMMEI1D8yJsNTAIo2/3hh0MmiHa54ICKy1CzpE=', '2023-05-07 03:02:32.828081', 0, 'asugden2g', 'Aeriell', 'Sugden', 0, 0, '2023-05-07 03:02:32.828081', 'asugden2g@storify.com', 2);
INSERT INTO Core_user (id, password, last_login, is_superuser, username, first_name, last_name, is_staff, is_active, date_joined, email, account_type_id) VALUES (196, 'pbkdf2_sha256$600000$IphchGbKzeR0wIERoqteEP$mOMpcjMMEI1D8yJsNTAIo2/3hh0MmiHa54ICKy1CzpE=', '2023-05-07 03:02:32.828081', 0, 'lbison2h', 'Lenna', 'Bison', 0, 0, '2023-05-07 03:02:32.828081', 'lbison2h@macromedia.com', 2);
INSERT INTO Core_user (id, password, last_login, is_superuser, username, first_name, last_name, is_staff, is_active, date_joined, email, account_type_id) VALUES (197, 'pbkdf2_sha256$600000$IphchGbKzeR0wIERoqteEP$mOMpcjMMEI1D8yJsNTAIo2/3hh0MmiHa54ICKy1CzpE=', '2023-05-07 03:02:32.828081', 0, 'dbompas2i', 'Davis', 'Bompas', 0, 1, '2023-05-07 03:02:32.828081', 'dbompas2i@sbwire.com', 2);
INSERT INTO Core_user (id, password, last_login, is_superuser, username, first_name, last_name, is_staff, is_active, date_joined, email, account_type_id) VALUES (198, 'pbkdf2_sha256$600000$IphchGbKzeR0wIERoqteEP$mOMpcjMMEI1D8yJsNTAIo2/3hh0MmiHa54ICKy1CzpE=', '2023-05-07 03:02:32.828081', 0, 'ttroman2j', 'Ty', 'Troman', 0, 1, '2023-05-07 03:02:32.828081', 'ttroman2j@purevolume.com', 2);
INSERT INTO Core_user (id, password, last_login, is_superuser, username, first_name, last_name, is_staff, is_active, date_joined, email, account_type_id) VALUES (199, 'pbkdf2_sha256$600000$IphchGbKzeR0wIERoqteEP$mOMpcjMMEI1D8yJsNTAIo2/3hh0MmiHa54ICKy1CzpE=', '2023-05-07 03:02:32.828081', 0, 'pverry2k', 'Pablo', 'Verry', 0, 0, '2023-05-07 03:02:32.828081', 'pverry2k@arizona.edu', 2);
INSERT INTO Core_user (id, password, last_login, is_superuser, username, first_name, last_name, is_staff, is_active, date_joined, email, account_type_id) VALUES (200, 'pbkdf2_sha256$600000$IphchGbKzeR0wIERoqteEP$mOMpcjMMEI1D8yJsNTAIo2/3hh0MmiHa54ICKy1CzpE=', '2023-05-07 03:02:32.828081', 0, 'tshepheard2l', 'Tobey', 'Shepheard', 0, 0, '2023-05-07 03:02:32.828081', 'tshepheard2l@mtv.com', 2);
INSERT INTO Core_user (id, password, last_login, is_superuser, username, first_name, last_name, is_staff, is_active, date_joined, email, account_type_id) VALUES (201, 'pbkdf2_sha256$600000$IphchGbKzeR0wIERoqteEP$mOMpcjMMEI1D8yJsNTAIo2/3hh0MmiHa54ICKy1CzpE=', '2023-05-07 03:02:32.828081', 0, 'ddizlie2m', 'Dacy', 'Dizlie', 0, 0, '2023-05-07 03:02:32.828081', 'ddizlie2m@addtoany.com', 2);
INSERT INTO Core_user (id, password, last_login, is_superuser, username, first_name, last_name, is_staff, is_active, date_joined, email, account_type_id) VALUES (202, 'pbkdf2_sha256$600000$IphchGbKzeR0wIERoqteEP$mOMpcjMMEI1D8yJsNTAIo2/3hh0MmiHa54ICKy1CzpE=', '2023-05-07 03:02:32.828081', 0, 'edrews2n', 'Emogene', 'Drews', 0, 1, '2023-05-07 03:02:32.828081', 'edrews2n@purevolume.com', 2);
INSERT INTO Core_user (id, password, last_login, is_superuser, username, first_name, last_name, is_staff, is_active, date_joined, email, account_type_id) VALUES (203, 'pbkdf2_sha256$600000$IphchGbKzeR0wIERoqteEP$mOMpcjMMEI1D8yJsNTAIo2/3hh0MmiHa54ICKy1CzpE=', '2023-05-07 03:02:32.828081', 0, 'jlaughlin2o', 'Janis', 'Laughlin', 0, 1, '2023-05-07 03:02:32.828081', 'jlaughlin2o@i2i.jp', 2);
INSERT INTO Core_user (id, password, last_login, is_superuser, username, first_name, last_name, is_staff, is_active, date_joined, email, account_type_id) VALUES (204, 'pbkdf2_sha256$600000$IphchGbKzeR0wIERoqteEP$mOMpcjMMEI1D8yJsNTAIo2/3hh0MmiHa54ICKy1CzpE=', '2023-05-07 03:02:32.828081', 0, 'caynsley2p', 'Cherey', 'Aynsley', 0, 0, '2023-05-07 03:02:32.828081', 'caynsley2p@stumbleupon.com', 2);
INSERT INTO Core_user (id, password, last_login, is_superuser, username, first_name, last_name, is_staff, is_active, date_joined, email, account_type_id) VALUES (205, 'pbkdf2_sha256$600000$IphchGbKzeR0wIERoqteEP$mOMpcjMMEI1D8yJsNTAIo2/3hh0MmiHa54ICKy1CzpE=', '2023-05-07 03:02:32.828081', 0, 'wmatysiak2q', 'Winni', 'Matysiak', 0, 0, '2023-05-07 03:02:32.828081', 'wmatysiak2q@paypal.com', 2);
INSERT INTO Core_user (id, password, last_login, is_superuser, username, first_name, last_name, is_staff, is_active, date_joined, email, account_type_id) VALUES (206, 'pbkdf2_sha256$600000$IphchGbKzeR0wIERoqteEP$mOMpcjMMEI1D8yJsNTAIo2/3hh0MmiHa54ICKy1CzpE=', '2023-05-07 03:02:32.828081', 0, 'okavanagh2r', 'Orazio', 'Kavanagh', 0, 0, '2023-05-07 03:02:32.828081', 'okavanagh2r@creativecommons.org', 2);

--student

INSERT INTO ProjectsHub_student (id, student_id, user_id) VALUES (1, '202006378', 3);
insert into ProjectsHub_student (id, student_id, user_id) values (2, '202002704', 7);
insert into ProjectsHub_student (id, student_id, user_id) values (3, '202094824', 8);
insert into ProjectsHub_student (id, student_id, user_id) values (4, '202002622', 9);
insert into ProjectsHub_student (id, student_id, user_id) values (5, '202004024', 10);
insert into ProjectsHub_student (id, student_id, user_id) values (6, '202001499', 11);
insert into ProjectsHub_student (id, student_id, user_id) values (7, '202012979', 12);
insert into ProjectsHub_student (id, student_id, user_id) values (8, '202084903', 13);
insert into ProjectsHub_student (id, student_id, user_id) values (9, '202041500', 14);
insert into ProjectsHub_student (id, student_id, user_id) values (10, '202085294', 15);
insert into ProjectsHub_student (id, student_id, user_id) values (11, '202033628', 16);
insert into ProjectsHub_student (id, student_id, user_id) values (12, '202039023', 17);
insert into ProjectsHub_student (id, student_id, user_id) values (13, '202058697', 18);
insert into ProjectsHub_student (id, student_id, user_id) values (14, '202074084', 19);
insert into ProjectsHub_student (id, student_id, user_id) values (15, '202025025', 20);
insert into ProjectsHub_student (id, student_id, user_id) values (16, '202016566', 21);
insert into ProjectsHub_student (id, student_id, user_id) values (17, '202078349', 22);
insert into ProjectsHub_student (id, student_id, user_id) values (18, '202026343', 23);
insert into ProjectsHub_student (id, student_id, user_id) values (19, '202043045', 24);
insert into ProjectsHub_student (id, student_id, user_id) values (20, '202063506', 25);
insert into ProjectsHub_student (id, student_id, user_id) values (21, '202040369', 26);
insert into ProjectsHub_student (id, student_id, user_id) values (22, '202098444', 27);
insert into ProjectsHub_student (id, student_id, user_id) values (23, '202057025', 28);
insert into ProjectsHub_student (id, student_id, user_id) values (24, '202040913', 29);
insert into ProjectsHub_student (id, student_id, user_id) values (25, '202007522', 30);
insert into ProjectsHub_student (id, student_id, user_id) values (26, '202064702', 31);
insert into ProjectsHub_student (id, student_id, user_id) values (27, '202040294', 32);
insert into ProjectsHub_student (id, student_id, user_id) values (28, '202036482', 33);
insert into ProjectsHub_student (id, student_id, user_id) values (29, '202021691', 34);
insert into ProjectsHub_student (id, student_id, user_id) values (30, '202072647', 35);
insert into ProjectsHub_student (id, student_id, user_id) values (31, '202017728', 36);
insert into ProjectsHub_student (id, student_id, user_id) values (32, '202054918', 37);
insert into ProjectsHub_student (id, student_id, user_id) values (33, '202078597', 38);
insert into ProjectsHub_student (id, student_id, user_id) values (34, '202010823', 39);
insert into ProjectsHub_student (id, student_id, user_id) values (35, '202071642', 40);
insert into ProjectsHub_student (id, student_id, user_id) values (36, '202009053', 41);
insert into ProjectsHub_student (id, student_id, user_id) values (37, '202044761', 42);
insert into ProjectsHub_student (id, student_id, user_id) values (38, '202035822', 43);
insert into ProjectsHub_student (id, student_id, user_id) values (39, '202033197', 44);
insert into ProjectsHub_student (id, student_id, user_id) values (40, '202027233', 45);
insert into ProjectsHub_student (id, student_id, user_id) values (41, '202035250', 46);
insert into ProjectsHub_student (id, student_id, user_id) values (42, '202045598', 47);
insert into ProjectsHub_student (id, student_id, user_id) values (43, '202029240', 48);
insert into ProjectsHub_student (id, student_id, user_id) values (44, '202038858', 49);
insert into ProjectsHub_student (id, student_id, user_id) values (45, '202068759', 50);
insert into ProjectsHub_student (id, student_id, user_id) values (46, '202028312', 51);
insert into ProjectsHub_student (id, student_id, user_id) values (47, '202001682', 52);
insert into ProjectsHub_student (id, student_id, user_id) values (48, '202015432', 53);
insert into ProjectsHub_student (id, student_id, user_id) values (49, '202001473', 54);
insert into ProjectsHub_student (id, student_id, user_id) values (50, '202047859', 55);
insert into ProjectsHub_student (id, student_id, user_id) values (51, '202051775', 56);
insert into ProjectsHub_student (id, student_id, user_id) values (52, '202060326', 57);
insert into ProjectsHub_student (id, student_id, user_id) values (53, '202056174', 58);
insert into ProjectsHub_student (id, student_id, user_id) values (54, '202040667', 59);
insert into ProjectsHub_student (id, student_id, user_id) values (55, '202097277', 60);
insert into ProjectsHub_student (id, student_id, user_id) values (56, '202013780', 61);
insert into ProjectsHub_student (id, student_id, user_id) values (57, '202099422', 62);
insert into ProjectsHub_student (id, student_id, user_id) values (58, '202013917', 63);
insert into ProjectsHub_student (id, student_id, user_id) values (59, '202076615', 64);
insert into ProjectsHub_student (id, student_id, user_id) values (60, '202036838', 65);
insert into ProjectsHub_student (id, student_id, user_id) values (61, '202005954', 66);
insert into ProjectsHub_student (id, student_id, user_id) values (62, '202083671', 67);
insert into ProjectsHub_student (id, student_id, user_id) values (63, '202036421', 68);
insert into ProjectsHub_student (id, student_id, user_id) values (64, '202076478', 69);
insert into ProjectsHub_student (id, student_id, user_id) values (65, '202068927', 70);
insert into ProjectsHub_student (id, student_id, user_id) values (66, '202029873', 71);
insert into ProjectsHub_student (id, student_id, user_id) values (67, '202062149', 72);
insert into ProjectsHub_student (id, student_id, user_id) values (68, '202057128', 73);
insert into ProjectsHub_student (id, student_id, user_id) values (69, '202098706', 74);
insert into ProjectsHub_student (id, student_id, user_id) values (70, '202083953', 75);
insert into ProjectsHub_student (id, student_id, user_id) values (71, '202014795', 76);
insert into ProjectsHub_student (id, student_id, user_id) values (72, '202080445', 77);
insert into ProjectsHub_student (id, student_id, user_id) values (73, '202073330', 78);
insert into ProjectsHub_student (id, student_id, user_id) values (74, '202013720', 79);
insert into ProjectsHub_student (id, student_id, user_id) values (75, '202051236', 80);
insert into ProjectsHub_student (id, student_id, user_id) values (76, '202008645', 81);
insert into ProjectsHub_student (id, student_id, user_id) values (77, '202026159', 82);
insert into ProjectsHub_student (id, student_id, user_id) values (78, '202071075', 83);
insert into ProjectsHub_student (id, student_id, user_id) values (79, '202038593', 84);
insert into ProjectsHub_student (id, student_id, user_id) values (80, '202097659', 85);
insert into ProjectsHub_student (id, student_id, user_id) values (81, '202008093', 86);
insert into ProjectsHub_student (id, student_id, user_id) values (82, '202069297', 87);
insert into ProjectsHub_student (id, student_id, user_id) values (83, '202031081', 88);
insert into ProjectsHub_student (id, student_id, user_id) values (84, '202087864', 89);
insert into ProjectsHub_student (id, student_id, user_id) values (85, '202047260', 90);
insert into ProjectsHub_student (id, student_id, user_id) values (86, '202075508', 91);
insert into ProjectsHub_student (id, student_id, user_id) values (87, '202012557', 92);
insert into ProjectsHub_student (id, student_id, user_id) values (88, '202069367', 93);
insert into ProjectsHub_student (id, student_id, user_id) values (89, '202006043', 94);
insert into ProjectsHub_student (id, student_id, user_id) values (90, '202005461', 95);
insert into ProjectsHub_student (id, student_id, user_id) values (91, '202090312', 96);
insert into ProjectsHub_student (id, student_id, user_id) values (92, '202076314', 97);
insert into ProjectsHub_student (id, student_id, user_id) values (93, '202096032', 98);
insert into ProjectsHub_student (id, student_id, user_id) values (94, '202077720', 99);
insert into ProjectsHub_student (id, student_id, user_id) values (95, '202047768', 100);
insert into ProjectsHub_student (id, student_id, user_id) values (96, '202060709', 101);
insert into ProjectsHub_student (id, student_id, user_id) values (97, '202019275', 102);
insert into ProjectsHub_student (id, student_id, user_id) values (98, '202000741', 103);
insert into ProjectsHub_student (id, student_id, user_id) values (99, '202097042', 104);
insert into ProjectsHub_student (id, student_id, user_id) values (100, '202077153', 105);
insert into ProjectsHub_student (id, student_id, user_id) values (101, '202042844', 106);


--instructor

INSERT INTO ProjectsHub_instructor (id, title, user_id) VALUES (1, 'prof', 6);
insert into ProjectsHub_instructor (id, title, user_id) values (2, 'king', 107);
insert into ProjectsHub_instructor (id, title, user_id) values (3, 'prof', 108);
insert into ProjectsHub_instructor (id, title, user_id) values (4, 'king', 109);
insert into ProjectsHub_instructor (id, title, user_id) values (5, 'king', 110);
insert into ProjectsHub_instructor (id, title, user_id) values (6, 'king', 111);
insert into ProjectsHub_instructor (id, title, user_id) values (7, 'prof', 112);
insert into ProjectsHub_instructor (id, title, user_id) values (8, 'prof', 113);
insert into ProjectsHub_instructor (id, title, user_id) values (9, 'bishop', 114);
insert into ProjectsHub_instructor (id, title, user_id) values (10, 'bishop', 115);
insert into ProjectsHub_instructor (id, title, user_id) values (11, 'prof', 116);
insert into ProjectsHub_instructor (id, title, user_id) values (12, 'prof', 117);
insert into ProjectsHub_instructor (id, title, user_id) values (13, 'prof', 118);
insert into ProjectsHub_instructor (id, title, user_id) values (14, 'prof', 119);
insert into ProjectsHub_instructor (id, title, user_id) values (15, 'bishop', 120);
insert into ProjectsHub_instructor (id, title, user_id) values (16, 'bishop', 121);
insert into ProjectsHub_instructor (id, title, user_id) values (17, 'prof', 122);
insert into ProjectsHub_instructor (id, title, user_id) values (18, 'prof', 123);
insert into ProjectsHub_instructor (id, title, user_id) values (19, 'king', 124);
insert into ProjectsHub_instructor (id, title, user_id) values (20, 'bishop', 125);
insert into ProjectsHub_instructor (id, title, user_id) values (21, 'bishop', 126);
insert into ProjectsHub_instructor (id, title, user_id) values (22, 'bishop', 127);
insert into ProjectsHub_instructor (id, title, user_id) values (23, 'king', 128);
insert into ProjectsHub_instructor (id, title, user_id) values (24, 'king', 129);
insert into ProjectsHub_instructor (id, title, user_id) values (25, 'bishop', 130);
insert into ProjectsHub_instructor (id, title, user_id) values (26, 'prof', 131);
insert into ProjectsHub_instructor (id, title, user_id) values (27, 'prof', 132);
insert into ProjectsHub_instructor (id, title, user_id) values (28, 'bishop', 133);
insert into ProjectsHub_instructor (id, title, user_id) values (29, 'bishop', 134);
insert into ProjectsHub_instructor (id, title, user_id) values (30, 'bishop', 135);
insert into ProjectsHub_instructor (id, title, user_id) values (31, 'king', 136);
insert into ProjectsHub_instructor (id, title, user_id) values (32, 'king', 137);
insert into ProjectsHub_instructor (id, title, user_id) values (33, 'king', 138);
insert into ProjectsHub_instructor (id, title, user_id) values (34, 'king', 139);
insert into ProjectsHub_instructor (id, title, user_id) values (35, 'king', 140);
insert into ProjectsHub_instructor (id, title, user_id) values (36, 'bishop', 141);
insert into ProjectsHub_instructor (id, title, user_id) values (37, 'prof', 142);
insert into ProjectsHub_instructor (id, title, user_id) values (38, 'bishop', 143);
insert into ProjectsHub_instructor (id, title, user_id) values (39, 'bishop', 144);
insert into ProjectsHub_instructor (id, title, user_id) values (40, 'king', 145);
insert into ProjectsHub_instructor (id, title, user_id) values (41, 'bishop', 146);
insert into ProjectsHub_instructor (id, title, user_id) values (42, 'king', 147);
insert into ProjectsHub_instructor (id, title, user_id) values (43, 'bishop', 148);
insert into ProjectsHub_instructor (id, title, user_id) values (44, 'king', 149);
insert into ProjectsHub_instructor (id, title, user_id) values (45, 'prof', 150);
insert into ProjectsHub_instructor (id, title, user_id) values (46, 'king', 151);
insert into ProjectsHub_instructor (id, title, user_id) values (47, 'bishop', 152);
insert into ProjectsHub_instructor (id, title, user_id) values (48, 'bishop', 153);
insert into ProjectsHub_instructor (id, title, user_id) values (49, 'king', 154);
insert into ProjectsHub_instructor (id, title, user_id) values (50, 'prof', 155);
insert into ProjectsHub_instructor (id, title, user_id) values (51, 'bishop', 156);
insert into ProjectsHub_instructor (id, title, user_id) values (52, 'king', 157);
insert into ProjectsHub_instructor (id, title, user_id) values (53, 'king', 158);
insert into ProjectsHub_instructor (id, title, user_id) values (54, 'prof', 159);
insert into ProjectsHub_instructor (id, title, user_id) values (55, 'prof', 160);
insert into ProjectsHub_instructor (id, title, user_id) values (56, 'king', 161);
insert into ProjectsHub_instructor (id, title, user_id) values (57, 'king', 162);
insert into ProjectsHub_instructor (id, title, user_id) values (58, 'bishop', 163);
insert into ProjectsHub_instructor (id, title, user_id) values (59, 'prof', 164);
insert into ProjectsHub_instructor (id, title, user_id) values (60, 'bishop', 165);
insert into ProjectsHub_instructor (id, title, user_id) values (61, 'king', 166);
insert into ProjectsHub_instructor (id, title, user_id) values (62, 'bishop', 167);
insert into ProjectsHub_instructor (id, title, user_id) values (63, 'bishop', 168);
insert into ProjectsHub_instructor (id, title, user_id) values (64, 'prof', 169);
insert into ProjectsHub_instructor (id, title, user_id) values (65, 'prof', 170);
insert into ProjectsHub_instructor (id, title, user_id) values (66, 'prof', 171);
insert into ProjectsHub_instructor (id, title, user_id) values (67, 'bishop', 172);
insert into ProjectsHub_instructor (id, title, user_id) values (68, 'prof', 173);
insert into ProjectsHub_instructor (id, title, user_id) values (69, 'king', 174);
insert into ProjectsHub_instructor (id, title, user_id) values (70, 'king', 175);
insert into ProjectsHub_instructor (id, title, user_id) values (71, 'prof', 176);
insert into ProjectsHub_instructor (id, title, user_id) values (72, 'prof', 177);
insert into ProjectsHub_instructor (id, title, user_id) values (73, 'king', 178);
insert into ProjectsHub_instructor (id, title, user_id) values (74, 'bishop', 179);
insert into ProjectsHub_instructor (id, title, user_id) values (75, 'prof', 180);
insert into ProjectsHub_instructor (id, title, user_id) values (76, 'prof', 181);
insert into ProjectsHub_instructor (id, title, user_id) values (77, 'prof', 182);
insert into ProjectsHub_instructor (id, title, user_id) values (78, 'prof', 183);
insert into ProjectsHub_instructor (id, title, user_id) values (79, 'prof', 184);
insert into ProjectsHub_instructor (id, title, user_id) values (80, 'king', 185);
insert into ProjectsHub_instructor (id, title, user_id) values (81, 'king', 186);
insert into ProjectsHub_instructor (id, title, user_id) values (82, 'bishop', 187);
insert into ProjectsHub_instructor (id, title, user_id) values (83, 'prof', 188);
insert into ProjectsHub_instructor (id, title, user_id) values (84, 'bishop', 189);
insert into ProjectsHub_instructor (id, title, user_id) values (85, 'king', 190);
insert into ProjectsHub_instructor (id, title, user_id) values (86, 'king', 191);
insert into ProjectsHub_instructor (id, title, user_id) values (87, 'king', 192);
insert into ProjectsHub_instructor (id, title, user_id) values (88, 'bishop', 193);
insert into ProjectsHub_instructor (id, title, user_id) values (89, 'king', 194);
insert into ProjectsHub_instructor (id, title, user_id) values (90, 'prof', 195);
insert into ProjectsHub_instructor (id, title, user_id) values (91, 'bishop', 196);
insert into ProjectsHub_instructor (id, title, user_id) values (92, 'king', 197);
insert into ProjectsHub_instructor (id, title, user_id) values (93, 'prof', 198);
insert into ProjectsHub_instructor (id, title, user_id) values (94, 'king', 199);
insert into ProjectsHub_instructor (id, title, user_id) values (95, 'king', 200);
insert into ProjectsHub_instructor (id, title, user_id) values (96, 'king', 201);
insert into ProjectsHub_instructor (id, title, user_id) values (97, 'prof', 202);
insert into ProjectsHub_instructor (id, title, user_id) values (98, 'prof', 203);
insert into ProjectsHub_instructor (id, title, user_id) values (99, 'prof', 204);
insert into ProjectsHub_instructor (id, title, user_id) values (100, 'king', 205);
insert into ProjectsHub_instructor (id, title, user_id) values (101, 'king', 206);


--course
insert into ProjectsHub_course (id, course_name, course_code, course_description, department_id, level_id) values (1, 'English', 'CIF', 'In sagittis dui vel nisl. Duis ac nibh. Fusce lacus purus, aliquet at, feugiat non, pretium quis, lectus.', 1, 5);
insert into ProjectsHub_course (id, course_name, course_code, course_description, department_id, level_id) values (2, 'InnoZ', 'OBO', 'Quisque id justo sit amet sapien dignissim vestibulum. Vestibulum ante ipsum primis in faucibus orci luctus et ultrices posuere cubilia Curae; Nulla dapibus dolor vel est. Donec odio justo, sollicitudin ut, suscipit a, feugiat et, eros.', 4, 2);
insert into ProjectsHub_course (id, course_name, course_code, course_description, department_id, level_id) values (3, 'Zoozzy', 'SAP', 'Vestibulum quam sapien, varius ut, blandit non, interdum in, ante. Vestibulum ante ipsum primis in faucibus orci luctus et ultrices posuere cubilia Curae; Duis faucibus accumsan odio. Curabitur convallis.', 2, 4);
insert into ProjectsHub_course (id, course_name, course_code, course_description, department_id, level_id) values (4, 'Quamba', 'EFW', 'Sed sagittis. Nam congue, risus semper porta volutpat, quam pede lobortis ligula, sit amet eleifend pede libero quis orci. Nullam molestie nibh in lectus.', 3, 1);
insert into ProjectsHub_course (id, course_name, course_code, course_description, department_id, level_id) values (5, 'Voonix', 'VGZ', 'Sed ante. Vivamus tortor. Duis mattis egestas metus.', 1, 3);
insert into ProjectsHub_course (id, course_name, course_code, course_description, department_id, level_id) values (6, 'Fadeo', 'GFE', 'Quisque porta volutpat erat. Quisque erat eros, viverra eget, congue eget, semper rutrum, nulla. Nunc purus.', 4, 2);
insert into ProjectsHub_course (id, course_name, course_code, course_description, department_id, level_id) values (7, 'Blogpad', 'CAX', 'Pellentesque at nulla. Suspendisse potenti. Cras in purus eu magna vulputate luctus.', 1, 2);
insert into ProjectsHub_course (id, course_name, course_code, course_description, department_id, level_id) values (8, 'Feedfire', 'HXX', 'Cum sociis natoque penatibus et magnis dis parturient montes, nascetur ridiculus mus. Vivamus vestibulum sagittis sapien. Cum sociis natoque penatibus et magnis dis parturient montes, nascetur ridiculus mus.', 1, 3);
insert into ProjectsHub_course (id, course_name, course_code, course_description, department_id, level_id) values (9, 'Skajo', 'MQB', 'Cras mi pede, malesuada in, imperdiet et, commodo vulputate, justo. In blandit ultrices enim. Lorem ipsum dolor sit amet, consectetuer adipiscing elit.', 1, 2);
insert into ProjectsHub_course (id, course_name, course_code, course_description, department_id, level_id) values (10, 'Jaxspan', 'FEL', 'Vestibulum ac est lacinia nisi venenatis tristique. Fusce congue, diam id ornare imperdiet, sapien urna pretium nisl, ut volutpat sapien arcu sed augue. Aliquam erat volutpat.', 3, 5);
insert into ProjectsHub_course (id, course_name, course_code, course_description, department_id, level_id) values (11, 'Chatterpoint', 'PXM', 'Duis bibendum. Morbi non quam nec dui luctus rutrum. Nulla tellus.', 2, 1);
insert into ProjectsHub_course (id, course_name, course_code, course_description, department_id, level_id) values (12, 'Quatz', 'YZE', 'Maecenas ut massa quis augue luctus tincidunt. Nulla mollis molestie lorem. Quisque ut erat.', 3, 5);
insert into ProjectsHub_course (id, course_name, course_code, course_description, department_id, level_id) values (13, 'Edgeify', 'ULG', 'Fusce posuere felis sed lacus. Morbi sem mauris, laoreet ut, rhoncus aliquet, pulvinar sed, nisl. Nunc rhoncus dui vel sem.', 3, 2);
insert into ProjectsHub_course (id, course_name, course_code, course_description, department_id, level_id) values (14, 'Gigashots', 'LJU', 'Quisque porta volutpat erat. Quisque erat eros, viverra eget, congue eget, semper rutrum, nulla. Nunc purus.', 3, 4);
insert into ProjectsHub_course (id, course_name, course_code, course_description, department_id, level_id) values (15, 'Yacero', 'TSM', 'Phasellus in felis. Donec semper sapien a libero. Nam dui.', 2, 4);
insert into ProjectsHub_course (id, course_name, course_code, course_description, department_id, level_id) values (16, 'Edgeify', 'HSC', 'Sed ante. Vivamus tortor. Duis mattis egestas metus.', 4, 1);
insert into ProjectsHub_course (id, course_name, course_code, course_description, department_id, level_id) values (17, 'Cogibox', 'CMN', 'Phasellus sit amet erat. Nulla tempus. Vivamus in felis eu sapien cursus vestibulum.', 2, 2);
insert into ProjectsHub_course (id, course_name, course_code, course_description, department_id, level_id) values (18, 'Centizu', 'PCO', 'Cras mi pede, malesuada in, imperdiet et, commodo vulputate, justo. In blandit ultrices enim. Lorem ipsum dolor sit amet, consectetuer adipiscing elit.', 4, 3);
insert into ProjectsHub_course (id, course_name, course_code, course_description, department_id, level_id) values (19, 'Aivee', 'GSE', 'Cras mi pede, malesuada in, imperdiet et, commodo vulputate, justo. In blandit ultrices enim. Lorem ipsum dolor sit amet, consectetuer adipiscing elit.', 1, 4);
insert into ProjectsHub_course (id, course_name, course_code, course_description, department_id, level_id) values (20, 'Centizu', 'TNJ', 'Nullam porttitor lacus at turpis. Donec posuere metus vitae ipsum. Aliquam non mauris.', 4, 4);
insert into ProjectsHub_course (id, course_name, course_code, course_description, department_id, level_id) values (21, 'Roomm', 'MPA', 'Etiam vel augue. Vestibulum rutrum rutrum neque. Aenean auctor gravida sem.', 2, 1);
insert into ProjectsHub_course (id, course_name, course_code, course_description, department_id, level_id) values (22, 'Yakidoo', 'NPO', 'Cras non velit nec nisi vulputate nonummy. Maecenas tincidunt lacus at velit. Vivamus vel nulla eget eros elementum pellentesque.', 3, 2);
insert into ProjectsHub_course (id, course_name, course_code, course_description, department_id, level_id) values (23, 'Browsebug', 'VIV', 'Fusce posuere felis sed lacus. Morbi sem mauris, laoreet ut, rhoncus aliquet, pulvinar sed, nisl. Nunc rhoncus dui vel sem.', 1, 4);
insert into ProjectsHub_course (id, course_name, course_code, course_description, department_id, level_id) values (24, 'Eazzy', 'JIB', 'Vestibulum ac est lacinia nisi venenatis tristique. Fusce congue, diam id ornare imperdiet, sapien urna pretium nisl, ut volutpat sapien arcu sed augue. Aliquam erat volutpat.', 2, 1);
insert into ProjectsHub_course (id, course_name, course_code, course_description, department_id, level_id) values (25, 'Skalith', 'UNN', 'Phasellus sit amet erat. Nulla tempus. Vivamus in felis eu sapien cursus vestibulum.', 3, 1);
insert into ProjectsHub_course (id, course_name, course_code, course_description, department_id, level_id) values (26, 'Flashpoint', 'YXR', 'Aliquam quis turpis eget elit sodales scelerisque. Mauris sit amet eros. Suspendisse accumsan tortor quis turpis.', 4, 4);
insert into ProjectsHub_course (id, course_name, course_code, course_description, department_id, level_id) values (27, 'Youfeed', 'HIJ', 'Phasellus in felis. Donec semper sapien a libero. Nam dui.', 2, 2);
insert into ProjectsHub_course (id, course_name, course_code, course_description, department_id, level_id) values (28, 'Vinder', 'HDR', 'Phasellus sit amet erat. Nulla tempus. Vivamus in felis eu sapien cursus vestibulum.', 3, 5);
insert into ProjectsHub_course (id, course_name, course_code, course_description, department_id, level_id) values (29, 'Mynte', 'TOF', 'Duis bibendum. Morbi non quam nec dui luctus rutrum. Nulla tellus.', 4, 2);
insert into ProjectsHub_course (id, course_name, course_code, course_description, department_id, level_id) values (30, 'Skalith', 'HVB', 'Curabitur at ipsum ac tellus semper interdum. Mauris ullamcorper purus sit amet nulla. Quisque arcu libero, rutrum ac, lobortis vel, dapibus at, diam.', 2, 4);
insert into ProjectsHub_course (id, course_name, course_code, course_description, department_id, level_id) values (31, 'Tagpad', 'OVE', 'Proin interdum mauris non ligula pellentesque ultrices. Phasellus id sapien in sapien iaculis congue. Vivamus metus arcu, adipiscing molestie, hendrerit at, vulputate vitae, nisl.', 1, 2);


--open_course

INSERT INTO ProjectsHub_opencourse (id, capacity, join_code, course_id, instructor_id, semester_id) VALUES (1, 50, 'e1r7d99o', 1, 1, 1);
INSERT INTO ProjectsHub_opencourse (id, capacity, join_code, course_id, instructor_id, semester_id) VALUES (2, 50, 'bwxvtbqg', 2, 1, 1);
insert into ProjectsHub_opencourse (id, capacity, join_code, course_id, instructor_id, semester_id) values (3, 89, '31ac3b0z', 1, 6, 1);
insert into ProjectsHub_opencourse (id, capacity, join_code, course_id, instructor_id, semester_id) values (4, 47, '99ac4b1z', 2, 9, 1);
insert into ProjectsHub_opencourse (id, capacity, join_code, course_id, instructor_id, semester_id) values (5, 41, '27ac8b1z', 3, 1, 1);
insert into ProjectsHub_opencourse (id, capacity, join_code, course_id, instructor_id, semester_id) values (6, 85, '00ac5b9z', 4, 6, 1);
insert into ProjectsHub_opencourse (id, capacity, join_code, course_id, instructor_id, semester_id) values (7, 59, '08ac5b9z', 5, 3, 1);
insert into ProjectsHub_opencourse (id, capacity, join_code, course_id, instructor_id, semester_id) values (8, 30, '78ac6b0z', 6, 1, 1);
insert into ProjectsHub_opencourse (id, capacity, join_code, course_id, instructor_id, semester_id) values (9, 22, '63ac0b5z', 7, 2, 1);
insert into ProjectsHub_opencourse (id, capacity, join_code, course_id, instructor_id, semester_id) values (10, 1, '31ac7b1z', 8, 9, 1);
insert into ProjectsHub_opencourse (id, capacity, join_code, course_id, instructor_id, semester_id) values (11, 85, '79ac6b1z', 9, 1, 1);
insert into ProjectsHub_opencourse (id, capacity, join_code, course_id, instructor_id, semester_id) values (12, 95, '96ac0b1z', 10, 4, 1);
insert into ProjectsHub_opencourse (id, capacity, join_code, course_id, instructor_id, semester_id) values (13, 49, '51ac2b4z', 11, 6, 1);
insert into ProjectsHub_opencourse (id, capacity, join_code, course_id, instructor_id, semester_id) values (14, 13, '15ac1b7z', 12, 5, 1);
insert into ProjectsHub_opencourse (id, capacity, join_code, course_id, instructor_id, semester_id) values (15, 62, '96ac3b4z', 13, 4, 1);
insert into ProjectsHub_opencourse (id, capacity, join_code, course_id, instructor_id, semester_id) values (16, 24, '35ac0b5z', 14, 9, 1);
insert into ProjectsHub_opencourse (id, capacity, join_code, course_id, instructor_id, semester_id) values (17, 84, '45ac4b4z', 15, 6, 1);
insert into ProjectsHub_opencourse (id, capacity, join_code, course_id, instructor_id, semester_id) values (18, 15, '29ac8b8z', 16, 6, 1);
insert into ProjectsHub_opencourse (id, capacity, join_code, course_id, instructor_id, semester_id) values (19, 11, '76ac2b0z', 17, 8, 1);
insert into ProjectsHub_opencourse (id, capacity, join_code, course_id, instructor_id, semester_id) values (20, 60, '39ac2b7z', 18, 4, 1);
insert into ProjectsHub_opencourse (id, capacity, join_code, course_id, instructor_id, semester_id) values (21, 98, '70ac7b1z', 19, 3, 1);
insert into ProjectsHub_opencourse (id, capacity, join_code, course_id, instructor_id, semester_id) values (22, 15, '25ac8b8z', 20, 6, 1);
insert into ProjectsHub_opencourse (id, capacity, join_code, course_id, instructor_id, semester_id) values (23, 48, '63ac0b4z', 21, 8, 1);
insert into ProjectsHub_opencourse (id, capacity, join_code, course_id, instructor_id, semester_id) values (24, 83, '75ac5b0z', 22, 1, 1);
insert into ProjectsHub_opencourse (id, capacity, join_code, course_id, instructor_id, semester_id) values (25, 16, '66ac5b8z', 23, 6, 1);
insert into ProjectsHub_opencourse (id, capacity, join_code, course_id, instructor_id, semester_id) values (26, 88, '94ac5b1z', 24, 3, 1);
insert into ProjectsHub_opencourse (id, capacity, join_code, course_id, instructor_id, semester_id) values (27, 13, '24ac2b9z', 25, 10, 1);
insert into ProjectsHub_opencourse (id, capacity, join_code, course_id, instructor_id, semester_id) values (28, 47, '49ac3b6z', 26, 4, 1);
insert into ProjectsHub_opencourse (id, capacity, join_code, course_id, instructor_id, semester_id) values (29, 5, '97ac2b8z', 27, 9, 1);
insert into ProjectsHub_opencourse (id, capacity, join_code, course_id, instructor_id, semester_id) values (30, 34, '11ac0b8z', 28, 2, 1);
insert into ProjectsHub_opencourse (id, capacity, join_code, course_id, instructor_id, semester_id) values (31, 87, '31ac4b4z', 29, 5, 1);

--course_reg

INSERT INTO ProjectsHub_courseregistration (id, open_course_id, student_id) VALUES (1, 1, 1);
INSERT INTO ProjectsHub_courseregistration (id, open_course_id, student_id) VALUES (2, 2, 1);

insert into ProjectsHub_courseregistration (id, open_course_id, student_id) values (3, 2, 54);
insert into ProjectsHub_courseregistration (id, open_course_id, student_id) values (4, 18, 83);
insert into ProjectsHub_courseregistration (id, open_course_id, student_id) values (5, 20, 85);
insert into ProjectsHub_courseregistration (id, open_course_id, student_id) values (6, 24, 96);
insert into ProjectsHub_courseregistration (id, open_course_id, student_id) values (7, 2, 16);
insert into ProjectsHub_courseregistration (id, open_course_id, student_id) values (8, 25, 61);
insert into ProjectsHub_courseregistration (id, open_course_id, student_id) values (9, 10, 19);
insert into ProjectsHub_courseregistration (id, open_course_id, student_id) values (10, 14, 86);
insert into ProjectsHub_courseregistration (id, open_course_id, student_id) values (11, 6, 47);
insert into ProjectsHub_courseregistration (id, open_course_id, student_id) values (12, 25, 65);
insert into ProjectsHub_courseregistration (id, open_course_id, student_id) values (13, 15, 81);
insert into ProjectsHub_courseregistration (id, open_course_id, student_id) values (14, 10, 66);
insert into ProjectsHub_courseregistration (id, open_course_id, student_id) values (15, 27, 16);
insert into ProjectsHub_courseregistration (id, open_course_id, student_id) values (16, 10, 8);
insert into ProjectsHub_courseregistration (id, open_course_id, student_id) values (17, 29, 38);
insert into ProjectsHub_courseregistration (id, open_course_id, student_id) values (18, 6, 32);
insert into ProjectsHub_courseregistration (id, open_course_id, student_id) values (19, 30, 55);
insert into ProjectsHub_courseregistration (id, open_course_id, student_id) values (20, 13, 32);
insert into ProjectsHub_courseregistration (id, open_course_id, student_id) values (21, 15, 57);
insert into ProjectsHub_courseregistration (id, open_course_id, student_id) values (22, 25, 36);
insert into ProjectsHub_courseregistration (id, open_course_id, student_id) values (23, 22, 79);
insert into ProjectsHub_courseregistration (id, open_course_id, student_id) values (24, 12, 3);
insert into ProjectsHub_courseregistration (id, open_course_id, student_id) values (25, 26, 68);
insert into ProjectsHub_courseregistration (id, open_course_id, student_id) values (26, 13, 98);
insert into ProjectsHub_courseregistration (id, open_course_id, student_id) values (27, 18, 7);
insert into ProjectsHub_courseregistration (id, open_course_id, student_id) values (28, 19, 14);
insert into ProjectsHub_courseregistration (id, open_course_id, student_id) values (29, 27, 21);
insert into ProjectsHub_courseregistration (id, open_course_id, student_id) values (30, 31, 66);
insert into ProjectsHub_courseregistration (id, open_course_id, student_id) values (31, 27, 12);
insert into ProjectsHub_courseregistration (id, open_course_id, student_id) values (32, 19, 83);
insert into ProjectsHub_courseregistration (id, open_course_id, student_id) values (33, 11, 23);
insert into ProjectsHub_courseregistration (id, open_course_id, student_id) values (34, 5, 73);
insert into ProjectsHub_courseregistration (id, open_course_id, student_id) values (35, 19, 98);
insert into ProjectsHub_courseregistration (id, open_course_id, student_id) values (36, 22, 54);
insert into ProjectsHub_courseregistration (id, open_course_id, student_id) values (37, 16, 78);
insert into ProjectsHub_courseregistration (id, open_course_id, student_id) values (38, 27, 11);
insert into ProjectsHub_courseregistration (id, open_course_id, student_id) values (39, 30, 14);
insert into ProjectsHub_courseregistration (id, open_course_id, student_id) values (40, 31, 40);
insert into ProjectsHub_courseregistration (id, open_course_id, student_id) values (41, 19, 98);
insert into ProjectsHub_courseregistration (id, open_course_id, student_id) values (42, 17, 100);
insert into ProjectsHub_courseregistration (id, open_course_id, student_id) values (43, 21, 54);
insert into ProjectsHub_courseregistration (id, open_course_id, student_id) values (44, 1, 17);
insert into ProjectsHub_courseregistration (id, open_course_id, student_id) values (45, 18, 73);
insert into ProjectsHub_courseregistration (id, open_course_id, student_id) values (46, 10, 39);
insert into ProjectsHub_courseregistration (id, open_course_id, student_id) values (47, 7, 1);
insert into ProjectsHub_courseregistration (id, open_course_id, student_id) values (48, 6, 65);
insert into ProjectsHub_courseregistration (id, open_course_id, student_id) values (49, 25, 83);
insert into ProjectsHub_courseregistration (id, open_course_id, student_id) values (50, 26, 58);
insert into ProjectsHub_courseregistration (id, open_course_id, student_id) values (51, 1, 94);
insert into ProjectsHub_courseregistration (id, open_course_id, student_id) values (52, 18, 94);
insert into ProjectsHub_courseregistration (id, open_course_id, student_id) values (53, 8, 76);
insert into ProjectsHub_courseregistration (id, open_course_id, student_id) values (54, 29, 84);
insert into ProjectsHub_courseregistration (id, open_course_id, student_id) values (55, 24, 62);
insert into ProjectsHub_courseregistration (id, open_course_id, student_id) values (56, 23, 9);
insert into ProjectsHub_courseregistration (id, open_course_id, student_id) values (57, 15, 88);
insert into ProjectsHub_courseregistration (id, open_course_id, student_id) values (58, 14, 76);
insert into ProjectsHub_courseregistration (id, open_course_id, student_id) values (59, 12, 58);
insert into ProjectsHub_courseregistration (id, open_course_id, student_id) values (60, 8, 43);
insert into ProjectsHub_courseregistration (id, open_course_id, student_id) values (61, 28, 76);
insert into ProjectsHub_courseregistration (id, open_course_id, student_id) values (62, 18, 55);
insert into ProjectsHub_courseregistration (id, open_course_id, student_id) values (63, 28, 61);
insert into ProjectsHub_courseregistration (id, open_course_id, student_id) values (64, 23, 51);
insert into ProjectsHub_courseregistration (id, open_course_id, student_id) values (65, 26, 50);
insert into ProjectsHub_courseregistration (id, open_course_id, student_id) values (66, 17, 73);
insert into ProjectsHub_courseregistration (id, open_course_id, student_id) values (67, 25, 74);
insert into ProjectsHub_courseregistration (id, open_course_id, student_id) values (68, 13, 50);
insert into ProjectsHub_courseregistration (id, open_course_id, student_id) values (69, 15, 49);
insert into ProjectsHub_courseregistration (id, open_course_id, student_id) values (70, 13, 40);
insert into ProjectsHub_courseregistration (id, open_course_id, student_id) values (71, 31, 39);
insert into ProjectsHub_courseregistration (id, open_course_id, student_id) values (72, 22, 49);
insert into ProjectsHub_courseregistration (id, open_course_id, student_id) values (73, 8, 67);
insert into ProjectsHub_courseregistration (id, open_course_id, student_id) values (74, 15, 21);
insert into ProjectsHub_courseregistration (id, open_course_id, student_id) values (75, 20, 94);
insert into ProjectsHub_courseregistration (id, open_course_id, student_id) values (76, 20, 53);
insert into ProjectsHub_courseregistration (id, open_course_id, student_id) values (77, 12, 89);
insert into ProjectsHub_courseregistration (id, open_course_id, student_id) values (78, 19, 62);
insert into ProjectsHub_courseregistration (id, open_course_id, student_id) values (79, 12, 81);
insert into ProjectsHub_courseregistration (id, open_course_id, student_id) values (80, 26, 84);
insert into ProjectsHub_courseregistration (id, open_course_id, student_id) values (81, 18, 1);
insert into ProjectsHub_courseregistration (id, open_course_id, student_id) values (82, 2, 2);
insert into ProjectsHub_courseregistration (id, open_course_id, student_id) values (83, 5, 20);
insert into ProjectsHub_courseregistration (id, open_course_id, student_id) values (84, 31, 11);
insert into ProjectsHub_courseregistration (id, open_course_id, student_id) values (85, 27, 84);
insert into ProjectsHub_courseregistration (id, open_course_id, student_id) values (86, 24, 60);
insert into ProjectsHub_courseregistration (id, open_course_id, student_id) values (87, 21, 25);
insert into ProjectsHub_courseregistration (id, open_course_id, student_id) values (88, 23, 20);
insert into ProjectsHub_courseregistration (id, open_course_id, student_id) values (89, 6, 19);
insert into ProjectsHub_courseregistration (id, open_course_id, student_id) values (90, 12, 31);
insert into ProjectsHub_courseregistration (id, open_course_id, student_id) values (91, 7, 5);
insert into ProjectsHub_courseregistration (id, open_course_id, student_id) values (92, 25, 22);
insert into ProjectsHub_courseregistration (id, open_course_id, student_id) values (93, 24, 81);
insert into ProjectsHub_courseregistration (id, open_course_id, student_id) values (94, 17, 6);
insert into ProjectsHub_courseregistration (id, open_course_id, student_id) values (95, 15, 59);
insert into ProjectsHub_courseregistration (id, open_course_id, student_id) values (96, 3, 86);
insert into ProjectsHub_courseregistration (id, open_course_id, student_id) values (97, 24, 81);
insert into ProjectsHub_courseregistration (id, open_course_id, student_id) values (98, 4, 18);
insert into ProjectsHub_courseregistration (id, open_course_id, student_id) values (99, 10, 11);
insert into ProjectsHub_courseregistration (id, open_course_id, student_id) values (100, 8, 83);
insert into ProjectsHub_courseregistration (id, open_course_id, student_id) values (101, 16, 19);
insert into ProjectsHub_courseregistration (id, open_course_id, student_id) values (102, 12, 32);
insert into ProjectsHub_courseregistration (id, open_course_id, student_id) values (103, 5, 90);
insert into ProjectsHub_courseregistration (id, open_course_id, student_id) values (104, 20, 38);
insert into ProjectsHub_courseregistration (id, open_course_id, student_id) values (105, 2, 25);
insert into ProjectsHub_courseregistration (id, open_course_id, student_id) values (106, 15, 46);
insert into ProjectsHub_courseregistration (id, open_course_id, student_id) values (107, 18, 96);
insert into ProjectsHub_courseregistration (id, open_course_id, student_id) values (108, 21, 93);
insert into ProjectsHub_courseregistration (id, open_course_id, student_id) values (109, 15, 80);
insert into ProjectsHub_courseregistration (id, open_course_id, student_id) values (110, 7, 2);
insert into ProjectsHub_courseregistration (id, open_course_id, student_id) values (111, 9, 63);
insert into ProjectsHub_courseregistration (id, open_course_id, student_id) values (112, 20, 53);
insert into ProjectsHub_courseregistration (id, open_course_id, student_id) values (113, 20, 30);
insert into ProjectsHub_courseregistration (id, open_course_id, student_id) values (114, 13, 32);
insert into ProjectsHub_courseregistration (id, open_course_id, student_id) values (115, 13, 80);
insert into ProjectsHub_courseregistration (id, open_course_id, student_id) values (116, 6, 60);
insert into ProjectsHub_courseregistration (id, open_course_id, student_id) values (117, 10, 3);
insert into ProjectsHub_courseregistration (id, open_course_id, student_id) values (118, 23, 20);
insert into ProjectsHub_courseregistration (id, open_course_id, student_id) values (119, 5, 58);
insert into ProjectsHub_courseregistration (id, open_course_id, student_id) values (120, 15, 27);
insert into ProjectsHub_courseregistration (id, open_course_id, student_id) values (121, 10, 5);
insert into ProjectsHub_courseregistration (id, open_course_id, student_id) values (122, 27, 20);
insert into ProjectsHub_courseregistration (id, open_course_id, student_id) values (123, 17, 65);
insert into ProjectsHub_courseregistration (id, open_course_id, student_id) values (124, 15, 18);
insert into ProjectsHub_courseregistration (id, open_course_id, student_id) values (125, 30, 16);
insert into ProjectsHub_courseregistration (id, open_course_id, student_id) values (126, 19, 54);
insert into ProjectsHub_courseregistration (id, open_course_id, student_id) values (127, 19, 6);
insert into ProjectsHub_courseregistration (id, open_course_id, student_id) values (128, 1, 7);
insert into ProjectsHub_courseregistration (id, open_course_id, student_id) values (129, 24, 75);
insert into ProjectsHub_courseregistration (id, open_course_id, student_id) values (130, 8, 96);
insert into ProjectsHub_courseregistration (id, open_course_id, student_id) values (131, 30, 88);
insert into ProjectsHub_courseregistration (id, open_course_id, student_id) values (132, 15, 74);
insert into ProjectsHub_courseregistration (id, open_course_id, student_id) values (133, 3, 39);
insert into ProjectsHub_courseregistration (id, open_course_id, student_id) values (134, 23, 19);
insert into ProjectsHub_courseregistration (id, open_course_id, student_id) values (135, 3, 35);
insert into ProjectsHub_courseregistration (id, open_course_id, student_id) values (136, 5, 77);
insert into ProjectsHub_courseregistration (id, open_course_id, student_id) values (137, 10, 43);
insert into ProjectsHub_courseregistration (id, open_course_id, student_id) values (138, 7, 47);
insert into ProjectsHub_courseregistration (id, open_course_id, student_id) values (139, 12, 10);
insert into ProjectsHub_courseregistration (id, open_course_id, student_id) values (140, 19, 82);
insert into ProjectsHub_courseregistration (id, open_course_id, student_id) values (141, 2, 79);
insert into ProjectsHub_courseregistration (id, open_course_id, student_id) values (142, 23, 51);
insert into ProjectsHub_courseregistration (id, open_course_id, student_id) values (143, 8, 96);
insert into ProjectsHub_courseregistration (id, open_course_id, student_id) values (144, 12, 25);
insert into ProjectsHub_courseregistration (id, open_course_id, student_id) values (145, 2, 73);
insert into ProjectsHub_courseregistration (id, open_course_id, student_id) values (146, 28, 6);
insert into ProjectsHub_courseregistration (id, open_course_id, student_id) values (147, 23, 7);
insert into ProjectsHub_courseregistration (id, open_course_id, student_id) values (148, 15, 60);
insert into ProjectsHub_courseregistration (id, open_course_id, student_id) values (149, 14, 19);
insert into ProjectsHub_courseregistration (id, open_course_id, student_id) values (150, 17, 89);
insert into ProjectsHub_courseregistration (id, open_course_id, student_id) values (151, 7, 31);
insert into ProjectsHub_courseregistration (id, open_course_id, student_id) values (152, 8, 14);

--projects
INSERT INTO ProjectsHub_project (id, project_name, project_description, project_file, registration_id) VALUES (1, 'marrarr', 'marrarar', 'projects/Screenshot_1.png', 1);
insert into ProjectsHub_project (id, project_name,  project_description,  project_file, registration_id) values (2, 'Welch, Beahan and Mueller', 'Suspendisse accumsan tortor quis turpis. Sed ante. Vivamus tortor. Duis mattis egestas metus. Aenean fermentum. Donec ut mauris eget massa tempor convallis.', 'projects/Screenshot_1.png', 28);
insert into ProjectsHub_project (id, project_name,  project_description,  project_file, registration_id) values (3, 'Stracke-Gerlach', 'Fusce posuere felis sed lacus.', 'projects/Screenshot_1.png', 78);
insert into ProjectsHub_project (id, project_name,  project_description,  project_file, registration_id) values (4, 'Stroman-Thompson', 'Mauris lacinia sapien quis libero. Nullam sit amet turpis elementum ligula vehicula consequat. Morbi a ipsum. Integer a nibh. In quis justo. Maecenas rhoncus aliquam lacus. Morbi quis tortor id nulla ultrices aliquet. Maecenas leo odio, condimentum id, luctus nec, molestie sed, justo. Pellentesque viverra pede ac diam. Cras pellentesque volutpat dui.', 'projects/Screenshot_1.png', 68);
insert into ProjectsHub_project (id, project_name,  project_description,  project_file, registration_id) values (5, 'Breitenberg, Ortiz and Mraz', 'In eleifend quam a odio.', 'projects/Screenshot_1.png', 11);
insert into ProjectsHub_project (id, project_name,  project_description,  project_file, registration_id) values (6, 'Schoen LLC', 'Duis consequat dui nec nisi volutpat eleifend. Donec ut dolor. Morbi vel lectus in quam fringilla rhoncus. Mauris enim leo, rhoncus sed, vestibulum sit amet, cursus id, turpis. Integer aliquet, massa id lobortis convallis, tortor risus dapibus augue, vel accumsan tellus nisi eu orci. Mauris lacinia sapien quis libero. Nullam sit amet turpis elementum ligula vehicula consequat. Morbi a ipsum. Integer a nibh. In quis justo.', 'projects/Screenshot_1.png', 61);
insert into ProjectsHub_project (id, project_name,  project_description,  project_file, registration_id) values (7, 'Cassin LLC', 'Integer pede justo, lacinia eget, tincidunt eget, tempus vel, pede. Morbi porttitor lorem id ligula. Suspendisse ornare consequat lectus. In est risus, auctor sed, tristique in, tempus sit amet, sem. Fusce consequat. Nulla nisl. Nunc nisl. Duis bibendum, felis sed interdum venenatis, turpis enim blandit mi, in porttitor pede justo eu massa.', 'projects/Screenshot_1.png', 70);
insert into ProjectsHub_project (id, project_name,  project_description,  project_file, registration_id) values (8, 'Wintheiser-Blick', 'In est risus, auctor sed, tristique in, tempus sit amet, sem. Fusce consequat. Nulla nisl.', 'projects/Screenshot_1.png', 70);
insert into ProjectsHub_project (id, project_name,  project_description,  project_file, registration_id) values (9, 'Effertz, Effertz and Langworth', 'Nullam orci pede, venenatis non, sodales sed, tincidunt eu, felis. Fusce posuere felis sed lacus. Morbi sem mauris, laoreet ut, rhoncus aliquet, pulvinar sed, nisl. Nunc rhoncus dui vel sem. Sed sagittis. Nam congue, risus semper porta volutpat, quam pede lobortis ligula, sit amet eleifend pede libero quis orci. Nullam molestie nibh in lectus. Pellentesque at nulla.', 'projects/Screenshot_1.png', 23);
insert into ProjectsHub_project (id, project_name,  project_description,  project_file, registration_id) values (10, 'Rodriguez Group', 'Fusce consequat.', 'projects/Screenshot_1.png', 77);
insert into ProjectsHub_project (id, project_name,  project_description,  project_file, registration_id) values (11, 'Lemke, Monahan and Mosciski', 'In tempor, turpis nec euismod scelerisque, quam turpis adipiscing lorem, vitae mattis nibh ligula nec sem. Duis aliquam convallis nunc. Proin at turpis a pede posuere nonummy. Integer non velit.', 'projects/Screenshot_1.png', 67);
insert into ProjectsHub_project (id, project_name,  project_description,  project_file, registration_id) values (12, 'Sawayn-Tromp', 'Praesent blandit lacinia erat. Vestibulum sed magna at nunc commodo placerat. Praesent blandit. Nam nulla. Integer pede justo, lacinia eget, tincidunt eget, tempus vel, pede.', 'projects/Screenshot_1.png', 6);
insert into ProjectsHub_project (id, project_name,  project_description,  project_file, registration_id) values (13, 'Kshlerin, MacGyver and Ritchie', 'Pellentesque at nulla.', 'projects/Screenshot_1.png', 94);
insert into ProjectsHub_project (id, project_name,  project_description,  project_file, registration_id) values (14, 'Johns, Feest and White', 'Morbi porttitor lorem id ligula. Suspendisse ornare consequat lectus. In est risus, auctor sed, tristique in, tempus sit amet, sem. Fusce consequat. Nulla nisl. Nunc nisl. Duis bibendum, felis sed interdum venenatis, turpis enim blandit mi, in porttitor pede justo eu massa.', 'projects/Screenshot_1.png', 20);
insert into ProjectsHub_project (id, project_name,  project_description,  project_file, registration_id) values (15, 'Glover-Reynolds', 'In blandit ultrices enim. Lorem ipsum dolor sit amet, consectetuer adipiscing elit. Proin interdum mauris non ligula pellentesque ultrices. Phasellus id sapien in sapien iaculis congue. Vivamus metus arcu, adipiscing molestie, hendrerit at, vulputate vitae, nisl. Aenean lectus. Pellentesque eget nunc. Donec quis orci eget orci vehicula condimentum. Curabitur in libero ut massa volutpat convallis.', 'projects/Screenshot_1.png', 74);
insert into ProjectsHub_project (id, project_name,  project_description,  project_file, registration_id) values (16, 'Wyman, Stiedemann and Considine', 'Praesent blandit lacinia erat. Vestibulum sed magna at nunc commodo placerat. Praesent blandit. Nam nulla.', 'projects/Screenshot_1.png', 100);
insert into ProjectsHub_project (id, project_name,  project_description,  project_file, registration_id) values (17, 'Rolfson and Sons', 'Etiam faucibus cursus urna. Ut tellus. Nulla ut erat id mauris vulputate elementum. Nullam varius.', 'projects/Screenshot_1.png', 87);
insert into ProjectsHub_project (id, project_name,  project_description,  project_file, registration_id) values (18, 'Kuhic LLC', 'Suspendisse potenti. Cras in purus eu magna vulputate luctus. Cum sociis natoque penatibus et magnis dis parturient montes, nascetur ridiculus mus. Vivamus vestibulum sagittis sapien. Cum sociis natoque penatibus et magnis dis parturient montes, nascetur ridiculus mus. Etiam vel augue.', 'projects/Screenshot_1.png', 74);
insert into ProjectsHub_project (id, project_name,  project_description,  project_file, registration_id) values (19, 'Green and Sons', 'Fusce congue, diam id ornare imperdiet, sapien urna pretium nisl, ut volutpat sapien arcu sed augue. Aliquam erat volutpat. In congue. Etiam justo. Etiam pretium iaculis justo. In hac habitasse platea dictumst. Etiam faucibus cursus urna. Ut tellus. Nulla ut erat id mauris vulputate elementum. Nullam varius.', 'projects/Screenshot_1.png', 58);
insert into ProjectsHub_project (id, project_name,  project_description,  project_file, registration_id) values (20, 'Hagenes LLC', 'Vestibulum quam sapien, varius ut, blandit non, interdum in, ante. Vestibulum ante ipsum primis in faucibus orci luctus et ultrices posuere cubilia Curae; Duis faucibus accumsan odio. Curabitur convallis.', 'projects/Screenshot_1.png', 36);
insert into ProjectsHub_project (id, project_name,  project_description,  project_file, registration_id) values (21, 'Schroeder-Haag', 'Vivamus metus arcu, adipiscing molestie, hendrerit at, vulputate vitae, nisl. Aenean lectus. Pellentesque eget nunc. Donec quis orci eget orci vehicula condimentum. Curabitur in libero ut massa volutpat convallis. Morbi odio odio, elementum eu, interdum eu, tincidunt in, leo. Maecenas pulvinar lobortis est. Phasellus sit amet erat.', 'projects/Screenshot_1.png', 20);
insert into ProjectsHub_project (id, project_name,  project_description,  project_file, registration_id) values (22, 'Ferry and Sons', 'Integer tincidunt ante vel ipsum. Praesent blandit lacinia erat.', 'projects/Screenshot_1.png', 87);
insert into ProjectsHub_project (id, project_name,  project_description,  project_file, registration_id) values (23, 'Schulist-Collier', 'Vivamus in felis eu sapien cursus vestibulum. Proin eu mi. Nulla ac enim. In tempor, turpis nec euismod scelerisque, quam turpis adipiscing lorem, vitae mattis nibh ligula nec sem. Duis aliquam convallis nunc. Proin at turpis a pede posuere nonummy. Integer non velit.', 'projects/Screenshot_1.png', 77);
insert into ProjectsHub_project (id, project_name,  project_description,  project_file, registration_id) values (24, 'Glover, Stokes and Tromp', 'Nulla ac enim. In tempor, turpis nec euismod scelerisque, quam turpis adipiscing lorem, vitae mattis nibh ligula nec sem. Duis aliquam convallis nunc. Proin at turpis a pede posuere nonummy. Integer non velit. Donec diam neque, vestibulum eget, vulputate ut, ultrices vel, augue. Vestibulum ante ipsum primis in faucibus orci luctus et ultrices posuere cubilia Curae; Donec pharetra, magna vestibulum aliquet ultrices, erat tortor sollicitudin mi, sit amet lobortis sapien sapien non mi. Integer ac neque. Duis bibendum. Morbi non quam nec dui luctus rutrum.', 'projects/Screenshot_1.png', 44);
insert into ProjectsHub_project (id, project_name,  project_description,  project_file, registration_id) values (25, 'Borer-Lowe', 'Quisque erat eros, viverra eget, congue eget, semper rutrum, nulla. Nunc purus. Phasellus in felis. Donec semper sapien a libero. Nam dui. Proin leo odio, porttitor id, consequat in, consequat ut, nulla. Sed accumsan felis.', 'projects/Screenshot_1.png', 5);
insert into ProjectsHub_project (id, project_name,  project_description,  project_file, registration_id) values (26, 'Botsford-Bode', 'Fusce posuere felis sed lacus.', 'projects/Screenshot_1.png', 34);
insert into ProjectsHub_project (id, project_name,  project_description,  project_file, registration_id) values (27, 'Russel-Kirlin', 'Suspendisse ornare consequat lectus. In est risus, auctor sed, tristique in, tempus sit amet, sem. Fusce consequat. Nulla nisl. Nunc nisl. Duis bibendum, felis sed interdum venenatis, turpis enim blandit mi, in porttitor pede justo eu massa.', 'projects/Screenshot_1.png', 7);
insert into ProjectsHub_project (id, project_name,  project_description,  project_file, registration_id) values (28, 'Schultz, Reilly and Nienow', 'Phasellus sit amet erat. Nulla tempus. Vivamus in felis eu sapien cursus vestibulum. Proin eu mi. Nulla ac enim. In tempor, turpis nec euismod scelerisque, quam turpis adipiscing lorem, vitae mattis nibh ligula nec sem. Duis aliquam convallis nunc. Proin at turpis a pede posuere nonummy. Integer non velit. Donec diam neque, vestibulum eget, vulputate ut, ultrices vel, augue.', 'projects/Screenshot_1.png', 89);
insert into ProjectsHub_project (id, project_name,  project_description,  project_file, registration_id) values (29, 'Bosco LLC', 'Proin at turpis a pede posuere nonummy. Integer non velit. Donec diam neque, vestibulum eget, vulputate ut, ultrices vel, augue. Vestibulum ante ipsum primis in faucibus orci luctus et ultrices posuere cubilia Curae; Donec pharetra, magna vestibulum aliquet ultrices, erat tortor sollicitudin mi, sit amet lobortis sapien sapien non mi. Integer ac neque. Duis bibendum. Morbi non quam nec dui luctus rutrum. Nulla tellus.', 'projects/Screenshot_1.png', 56);
insert into ProjectsHub_project (id, project_name,  project_description,  project_file, registration_id) values (30, 'Ryan-Jerde', 'Nullam orci pede, venenatis non, sodales sed, tincidunt eu, felis.', 'projects/Screenshot_1.png', 69);
insert into ProjectsHub_project (id, project_name,  project_description,  project_file, registration_id) values (31, 'Johns Group', 'Pellentesque eget nunc.', 'projects/Screenshot_1.png', 61);
insert into ProjectsHub_project (id, project_name,  project_description,  project_file, registration_id) values (32, 'Mosciski, Wunsch and Lebsack', 'Nulla mollis molestie lorem. Quisque ut erat. Curabitur gravida nisi at nibh. In hac habitasse platea dictumst. Aliquam augue quam, sollicitudin vitae, consectetuer eget, rutrum at, lorem. Integer tincidunt ante vel ipsum. Praesent blandit lacinia erat. Vestibulum sed magna at nunc commodo placerat.', 'projects/Screenshot_1.png', 44);
insert into ProjectsHub_project (id, project_name,  project_description,  project_file, registration_id) values (33, 'Cummerata-Ritchie', 'Nam ultrices, libero non mattis pulvinar, nulla pede ullamcorper augue, a suscipit nulla elit ac nulla. Sed vel enim sit amet nunc viverra dapibus. Nulla suscipit ligula in lacus. Curabitur at ipsum ac tellus semper interdum. Mauris ullamcorper purus sit amet nulla. Quisque arcu libero, rutrum ac, lobortis vel, dapibus at, diam.', 'projects/Screenshot_1.png', 9);
insert into ProjectsHub_project (id, project_name,  project_description,  project_file, registration_id) values (34, 'Bergstrom Inc', 'Morbi odio odio, elementum eu, interdum eu, tincidunt in, leo. Maecenas pulvinar lobortis est. Phasellus sit amet erat. Nulla tempus. Vivamus in felis eu sapien cursus vestibulum. Proin eu mi. Nulla ac enim. In tempor, turpis nec euismod scelerisque, quam turpis adipiscing lorem, vitae mattis nibh ligula nec sem.', 'projects/Screenshot_1.png', 24);
insert into ProjectsHub_project (id, project_name,  project_description,  project_file, registration_id) values (35, 'Lang-DuBuque', 'Maecenas pulvinar lobortis est. Phasellus sit amet erat. Nulla tempus. Vivamus in felis eu sapien cursus vestibulum.', 'projects/Screenshot_1.png', 23);
insert into ProjectsHub_project (id, project_name,  project_description,  project_file, registration_id) values (36, 'Howe Group', 'Curabitur convallis. Duis consequat dui nec nisi volutpat eleifend. Donec ut dolor. Morbi vel lectus in quam fringilla rhoncus. Mauris enim leo, rhoncus sed, vestibulum sit amet, cursus id, turpis. Integer aliquet, massa id lobortis convallis, tortor risus dapibus augue, vel accumsan tellus nisi eu orci. Mauris lacinia sapien quis libero. Nullam sit amet turpis elementum ligula vehicula consequat. Morbi a ipsum. Integer a nibh.', 'projects/Screenshot_1.png', 55);
insert into ProjectsHub_project (id, project_name,  project_description,  project_file, registration_id) values (37, 'Baumbach-Stokes', 'Nunc rhoncus dui vel sem. Sed sagittis.', 'projects/Screenshot_1.png', 14);
insert into ProjectsHub_project (id, project_name,  project_description,  project_file, registration_id) values (38, 'Leuschke-Crona', 'Duis aliquam convallis nunc. Proin at turpis a pede posuere nonummy. Integer non velit. Donec diam neque, vestibulum eget, vulputate ut, ultrices vel, augue. Vestibulum ante ipsum primis in faucibus orci luctus et ultrices posuere cubilia Curae; Donec pharetra, magna vestibulum aliquet ultrices, erat tortor sollicitudin mi, sit amet lobortis sapien sapien non mi. Integer ac neque. Duis bibendum. Morbi non quam nec dui luctus rutrum. Nulla tellus. In sagittis dui vel nisl.', 'projects/Screenshot_1.png', 74);
insert into ProjectsHub_project (id, project_name,  project_description,  project_file, registration_id) values (39, 'Schiller, Mosciski and Langosh', 'Praesent blandit lacinia erat. Vestibulum sed magna at nunc commodo placerat. Praesent blandit. Nam nulla. Integer pede justo, lacinia eget, tincidunt eget, tempus vel, pede. Morbi porttitor lorem id ligula. Suspendisse ornare consequat lectus.', 'projects/Screenshot_1.png', 93);
insert into ProjectsHub_project (id, project_name,  project_description,  project_file, registration_id) values (40, 'Bergstrom LLC', 'In hac habitasse platea dictumst. Morbi vestibulum, velit id pretium iaculis, diam erat fermentum justo, nec condimentum neque sapien placerat ante.', 'projects/Screenshot_1.png', 49);
insert into ProjectsHub_project (id, project_name,  project_description,  project_file, registration_id) values (41, 'Roob and Sons', 'Vestibulum ac est lacinia nisi venenatis tristique. Fusce congue, diam id ornare imperdiet, sapien urna pretium nisl, ut volutpat sapien arcu sed augue.', 'projects/Screenshot_1.png', 61);
insert into ProjectsHub_project (id, project_name,  project_description,  project_file, registration_id) values (42, 'Carter and Sons', 'Cras pellentesque volutpat dui. Maecenas tristique, est et tempus semper, est quam pharetra magna, ac consequat metus sapien ut nunc. Vestibulum ante ipsum primis in faucibus orci luctus et ultrices posuere cubilia Curae; Mauris viverra diam vitae quam. Suspendisse potenti. Nullam porttitor lacus at turpis. Donec posuere metus vitae ipsum. Aliquam non mauris. Morbi non lectus.', 'projects/Screenshot_1.png', 1);
insert into ProjectsHub_project (id, project_name,  project_description,  project_file, registration_id) values (43, 'Runolfsson-Glover', 'Lorem ipsum dolor sit amet, consectetuer adipiscing elit. Proin risus. Praesent lectus. Vestibulum quam sapien, varius ut, blandit non, interdum in, ante. Vestibulum ante ipsum primis in faucibus orci luctus et ultrices posuere cubilia Curae; Duis faucibus accumsan odio.', 'projects/Screenshot_1.png', 7);
insert into ProjectsHub_project (id, project_name,  project_description,  project_file, registration_id) values (44, 'Johns Group', 'Morbi non lectus. Aliquam sit amet diam in magna bibendum imperdiet. Nullam orci pede, venenatis non, sodales sed, tincidunt eu, felis. Fusce posuere felis sed lacus. Morbi sem mauris, laoreet ut, rhoncus aliquet, pulvinar sed, nisl.', 'projects/Screenshot_1.png', 28);
insert into ProjectsHub_project (id, project_name,  project_description,  project_file, registration_id) values (45, 'Cruickshank Inc', 'Vivamus metus arcu, adipiscing molestie, hendrerit at, vulputate vitae, nisl. Aenean lectus. Pellentesque eget nunc. Donec quis orci eget orci vehicula condimentum. Curabitur in libero ut massa volutpat convallis. Morbi odio odio, elementum eu, interdum eu, tincidunt in, leo. Maecenas pulvinar lobortis est. Phasellus sit amet erat.', 'projects/Screenshot_1.png', 71);
insert into ProjectsHub_project (id, project_name,  project_description,  project_file, registration_id) values (46, 'Feest-Heidenreich', 'Morbi ut odio. Cras mi pede, malesuada in, imperdiet et, commodo vulputate, justo. In blandit ultrices enim. Lorem ipsum dolor sit amet, consectetuer adipiscing elit. Proin interdum mauris non ligula pellentesque ultrices. Phasellus id sapien in sapien iaculis congue. Vivamus metus arcu, adipiscing molestie, hendrerit at, vulputate vitae, nisl. Aenean lectus. Pellentesque eget nunc.', 'projects/Screenshot_1.png', 59);
insert into ProjectsHub_project (id, project_name,  project_description,  project_file, registration_id) values (47, 'Kunze, Padberg and Weber', 'Proin eu mi. Nulla ac enim. In tempor, turpis nec euismod scelerisque, quam turpis adipiscing lorem, vitae mattis nibh ligula nec sem. Duis aliquam convallis nunc. Proin at turpis a pede posuere nonummy. Integer non velit. Donec diam neque, vestibulum eget, vulputate ut, ultrices vel, augue.', 'projects/Screenshot_1.png', 2);
insert into ProjectsHub_project (id, project_name,  project_description,  project_file, registration_id) values (48, 'Huel Inc', 'Morbi a ipsum. Integer a nibh. In quis justo. Maecenas rhoncus aliquam lacus. Morbi quis tortor id nulla ultrices aliquet. Maecenas leo odio, condimentum id, luctus nec, molestie sed, justo. Pellentesque viverra pede ac diam.', 'projects/Screenshot_1.png', 66);
insert into ProjectsHub_project (id, project_name,  project_description,  project_file, registration_id) values (49, 'Reynolds, Kreiger and Wuckert', 'Nulla ac enim. In tempor, turpis nec euismod scelerisque, quam turpis adipiscing lorem, vitae mattis nibh ligula nec sem. Duis aliquam convallis nunc. Proin at turpis a pede posuere nonummy. Integer non velit. Donec diam neque, vestibulum eget, vulputate ut, ultrices vel, augue.', 'projects/Screenshot_1.png', 90);
insert into ProjectsHub_project (id, project_name,  project_description,  project_file, registration_id) values (50, 'Hayes, Pfeffer and Beer', 'Etiam justo. Etiam pretium iaculis justo. In hac habitasse platea dictumst. Etiam faucibus cursus urna.', 'projects/Screenshot_1.png', 87);
insert into ProjectsHub_project (id, project_name,  project_description,  project_file, registration_id) values (51, 'Boyle and Sons', 'Vestibulum ante ipsum primis in faucibus orci luctus et ultrices posuere cubilia Curae; Nulla dapibus dolor vel est. Donec odio justo, sollicitudin ut, suscipit a, feugiat et, eros. Vestibulum ac est lacinia nisi venenatis tristique. Fusce congue, diam id ornare imperdiet, sapien urna pretium nisl, ut volutpat sapien arcu sed augue. Aliquam erat volutpat. In congue.', 'projects/Screenshot_1.png', 63);
insert into ProjectsHub_project (id, project_name,  project_description,  project_file, registration_id) values (52, 'Oberbrunner-Wuckert', 'Nam ultrices, libero non mattis pulvinar, nulla pede ullamcorper augue, a suscipit nulla elit ac nulla.', 'projects/Screenshot_1.png', 75);
insert into ProjectsHub_project (id, project_name,  project_description,  project_file, registration_id) values (53, 'Quitzon-Ritchie', 'In hac habitasse platea dictumst. Morbi vestibulum, velit id pretium iaculis, diam erat fermentum justo, nec condimentum neque sapien placerat ante. Nulla justo.', 'projects/Screenshot_1.png', 97);
insert into ProjectsHub_project (id, project_name,  project_description,  project_file, registration_id) values (54, 'Hartmann Group', 'Donec posuere metus vitae ipsum. Aliquam non mauris. Morbi non lectus. Aliquam sit amet diam in magna bibendum imperdiet.', 'projects/Screenshot_1.png', 42);
insert into ProjectsHub_project (id, project_name,  project_description,  project_file, registration_id) values (55, 'Ferry, Lang and O''Keefe', 'Vestibulum ac est lacinia nisi venenatis tristique.', 'projects/Screenshot_1.png', 10);
insert into ProjectsHub_project (id, project_name,  project_description,  project_file, registration_id) values (56, 'Torp Inc', 'Nulla tellus. In sagittis dui vel nisl. Duis ac nibh. Fusce lacus purus, aliquet at, feugiat non, pretium quis, lectus. Suspendisse potenti. In eleifend quam a odio.', 'projects/Screenshot_1.png', 50);
insert into ProjectsHub_project (id, project_name,  project_description,  project_file, registration_id) values (57, 'Johnston and Sons', 'Lorem ipsum dolor sit amet, consectetuer adipiscing elit. Proin risus. Praesent lectus. Vestibulum quam sapien, varius ut, blandit non, interdum in, ante. Vestibulum ante ipsum primis in faucibus orci luctus et ultrices posuere cubilia Curae; Duis faucibus accumsan odio.', 'projects/Screenshot_1.png', 71);
insert into ProjectsHub_project (id, project_name,  project_description,  project_file, registration_id) values (58, 'Daniel-Terry', 'Curabitur gravida nisi at nibh. In hac habitasse platea dictumst. Aliquam augue quam, sollicitudin vitae, consectetuer eget, rutrum at, lorem. Integer tincidunt ante vel ipsum. Praesent blandit lacinia erat.', 'projects/Screenshot_1.png', 37);
insert into ProjectsHub_project (id, project_name,  project_description,  project_file, registration_id) values (59, 'Auer-Hilll', 'Vestibulum rutrum rutrum neque. Aenean auctor gravida sem. Praesent id massa id nisl venenatis lacinia. Aenean sit amet justo. Morbi ut odio. Cras mi pede, malesuada in, imperdiet et, commodo vulputate, justo.', 'projects/Screenshot_1.png', 93);
insert into ProjectsHub_project (id, project_name,  project_description,  project_file, registration_id) values (60, 'Ullrich Inc', 'Integer ac leo.', 'projects/Screenshot_1.png', 97);
insert into ProjectsHub_project (id, project_name,  project_description,  project_file, registration_id) values (61, 'Marquardt-Nitzsche', 'Nam congue, risus semper porta volutpat, quam pede lobortis ligula, sit amet eleifend pede libero quis orci. Nullam molestie nibh in lectus. Pellentesque at nulla. Suspendisse potenti. Cras in purus eu magna vulputate luctus. Cum sociis natoque penatibus et magnis dis parturient montes, nascetur ridiculus mus. Vivamus vestibulum sagittis sapien. Cum sociis natoque penatibus et magnis dis parturient montes, nascetur ridiculus mus. Etiam vel augue.', 'projects/Screenshot_1.png', 38);
insert into ProjectsHub_project (id, project_name,  project_description,  project_file, registration_id) values (62, 'O''Keefe Group', 'Praesent id massa id nisl venenatis lacinia. Aenean sit amet justo. Morbi ut odio. Cras mi pede, malesuada in, imperdiet et, commodo vulputate, justo.', 'projects/Screenshot_1.png', 28);
insert into ProjectsHub_project (id, project_name,  project_description,  project_file, registration_id) values (63, 'Feest, Wuckert and Adams', 'Vivamus metus arcu, adipiscing molestie, hendrerit at, vulputate vitae, nisl. Aenean lectus. Pellentesque eget nunc. Donec quis orci eget orci vehicula condimentum.', 'projects/Screenshot_1.png', 10);
insert into ProjectsHub_project (id, project_name,  project_description,  project_file, registration_id) values (64, 'Daugherty Group', 'Vestibulum ante ipsum primis in faucibus orci luctus et ultrices posuere cubilia Curae; Duis faucibus accumsan odio. Curabitur convallis. Duis consequat dui nec nisi volutpat eleifend. Donec ut dolor. Morbi vel lectus in quam fringilla rhoncus. Mauris enim leo, rhoncus sed, vestibulum sit amet, cursus id, turpis. Integer aliquet, massa id lobortis convallis, tortor risus dapibus augue, vel accumsan tellus nisi eu orci.', 'projects/Screenshot_1.png', 93);
insert into ProjectsHub_project (id, project_name,  project_description,  project_file, registration_id) values (65, 'Roberts, Konopelski and Kassulke', 'Duis bibendum, felis sed interdum venenatis, turpis enim blandit mi, in porttitor pede justo eu massa. Donec dapibus. Duis at velit eu est congue elementum. In hac habitasse platea dictumst. Morbi vestibulum, velit id pretium iaculis, diam erat fermentum justo, nec condimentum neque sapien placerat ante. Nulla justo. Aliquam quis turpis eget elit sodales scelerisque. Mauris sit amet eros. Suspendisse accumsan tortor quis turpis.', 'projects/Screenshot_1.png', 13);
insert into ProjectsHub_project (id, project_name,  project_description,  project_file, registration_id) values (66, 'Weimann Inc', 'Nulla suscipit ligula in lacus. Curabitur at ipsum ac tellus semper interdum. Mauris ullamcorper purus sit amet nulla. Quisque arcu libero, rutrum ac, lobortis vel, dapibus at, diam. Nam tristique tortor eu pede.', 'projects/Screenshot_1.png', 71);
insert into ProjectsHub_project (id, project_name,  project_description,  project_file, registration_id) values (67, 'Johnston, Nitzsche and Bauch', 'Nulla tellus. In sagittis dui vel nisl. Duis ac nibh. Fusce lacus purus, aliquet at, feugiat non, pretium quis, lectus. Suspendisse potenti.', 'projects/Screenshot_1.png', 78);
insert into ProjectsHub_project (id, project_name,  project_description,  project_file, registration_id) values (68, 'Grimes, Treutel and Marvin', 'Etiam faucibus cursus urna. Ut tellus. Nulla ut erat id mauris vulputate elementum. Nullam varius. Nulla facilisi. Cras non velit nec nisi vulputate nonummy. Maecenas tincidunt lacus at velit.', 'projects/Screenshot_1.png', 11);
insert into ProjectsHub_project (id, project_name,  project_description,  project_file, registration_id) values (69, 'Tromp, Ankunding and O''Hara', 'Pellentesque at nulla. Suspendisse potenti. Cras in purus eu magna vulputate luctus. Cum sociis natoque penatibus et magnis dis parturient montes, nascetur ridiculus mus. Vivamus vestibulum sagittis sapien. Cum sociis natoque penatibus et magnis dis parturient montes, nascetur ridiculus mus. Etiam vel augue. Vestibulum rutrum rutrum neque. Aenean auctor gravida sem.', 'projects/Screenshot_1.png', 29);
insert into ProjectsHub_project (id, project_name,  project_description,  project_file, registration_id) values (70, 'Walsh-Klocko', 'Fusce congue, diam id ornare imperdiet, sapien urna pretium nisl, ut volutpat sapien arcu sed augue. Aliquam erat volutpat. In congue. Etiam justo.', 'projects/Screenshot_1.png', 91);
insert into ProjectsHub_project (id, project_name,  project_description,  project_file, registration_id) values (71, 'Balistreri-Orn', 'Nunc nisl. Duis bibendum, felis sed interdum venenatis, turpis enim blandit mi, in porttitor pede justo eu massa. Donec dapibus. Duis at velit eu est congue elementum.', 'projects/Screenshot_1.png', 90);
insert into ProjectsHub_project (id, project_name,  project_description,  project_file, registration_id) values (72, 'O''Hara, Runolfsdottir and Pollich', 'Mauris enim leo, rhoncus sed, vestibulum sit amet, cursus id, turpis. Integer aliquet, massa id lobortis convallis, tortor risus dapibus augue, vel accumsan tellus nisi eu orci. Mauris lacinia sapien quis libero. Nullam sit amet turpis elementum ligula vehicula consequat.', 'projects/Screenshot_1.png', 26);
insert into ProjectsHub_project (id, project_name,  project_description,  project_file, registration_id) values (73, 'Kirlin-Renner', 'Curabitur gravida nisi at nibh. In hac habitasse platea dictumst. Aliquam augue quam, sollicitudin vitae, consectetuer eget, rutrum at, lorem. Integer tincidunt ante vel ipsum. Praesent blandit lacinia erat. Vestibulum sed magna at nunc commodo placerat. Praesent blandit. Nam nulla. Integer pede justo, lacinia eget, tincidunt eget, tempus vel, pede. Morbi porttitor lorem id ligula.', 'projects/Screenshot_1.png', 98);
insert into ProjectsHub_project (id, project_name,  project_description,  project_file, registration_id) values (74, 'Dach and Sons', 'Nulla facilisi. Cras non velit nec nisi vulputate nonummy. Maecenas tincidunt lacus at velit.', 'projects/Screenshot_1.png', 92);
insert into ProjectsHub_project (id, project_name,  project_description,  project_file, registration_id) values (75, 'Hettinger Inc', 'Donec semper sapien a libero. Nam dui. Proin leo odio, porttitor id, consequat in, consequat ut, nulla. Sed accumsan felis. Ut at dolor quis odio consequat varius. Integer ac leo. Pellentesque ultrices mattis odio.', 'projects/Screenshot_1.png', 42);
insert into ProjectsHub_project (id, project_name,  project_description,  project_file, registration_id) values (76, 'Stokes-O''Kon', 'In congue.', 'projects/Screenshot_1.png', 51);
insert into ProjectsHub_project (id, project_name,  project_description,  project_file, registration_id) values (77, 'Schumm, Mueller and Murray', 'Maecenas rhoncus aliquam lacus. Morbi quis tortor id nulla ultrices aliquet. Maecenas leo odio, condimentum id, luctus nec, molestie sed, justo. Pellentesque viverra pede ac diam. Cras pellentesque volutpat dui. Maecenas tristique, est et tempus semper, est quam pharetra magna, ac consequat metus sapien ut nunc. Vestibulum ante ipsum primis in faucibus orci luctus et ultrices posuere cubilia Curae; Mauris viverra diam vitae quam. Suspendisse potenti. Nullam porttitor lacus at turpis.', 'projects/Screenshot_1.png', 49);
insert into ProjectsHub_project (id, project_name,  project_description,  project_file, registration_id) values (78, 'McCullough-Crooks', 'Donec odio justo, sollicitudin ut, suscipit a, feugiat et, eros. Vestibulum ac est lacinia nisi venenatis tristique. Fusce congue, diam id ornare imperdiet, sapien urna pretium nisl, ut volutpat sapien arcu sed augue. Aliquam erat volutpat. In congue. Etiam justo.', 'projects/Screenshot_1.png', 63);
insert into ProjectsHub_project (id, project_name,  project_description,  project_file, registration_id) values (79, 'Becker-Kunde', 'Aenean fermentum. Donec ut mauris eget massa tempor convallis. Nulla neque libero, convallis eget, eleifend luctus, ultricies eu, nibh. Quisque id justo sit amet sapien dignissim vestibulum. Vestibulum ante ipsum primis in faucibus orci luctus et ultrices posuere cubilia Curae; Nulla dapibus dolor vel est.', 'projects/Screenshot_1.png', 1);
insert into ProjectsHub_project (id, project_name,  project_description,  project_file, registration_id) values (80, 'Hoppe-Windler', 'Sed ante.', 'projects/Screenshot_1.png', 35);
insert into ProjectsHub_project (id, project_name,  project_description,  project_file, registration_id) values (81, 'Glover-Mueller', 'Proin leo odio, porttitor id, consequat in, consequat ut, nulla. Sed accumsan felis.', 'projects/Screenshot_1.png', 92);
insert into ProjectsHub_project (id, project_name,  project_description,  project_file, registration_id) values (82, 'Ward and Sons', 'Cras pellentesque volutpat dui. Maecenas tristique, est et tempus semper, est quam pharetra magna, ac consequat metus sapien ut nunc. Vestibulum ante ipsum primis in faucibus orci luctus et ultrices posuere cubilia Curae; Mauris viverra diam vitae quam.', 'projects/Screenshot_1.png', 56);
insert into ProjectsHub_project (id, project_name,  project_description,  project_file, registration_id) values (83, 'Barton Inc', 'Donec odio justo, sollicitudin ut, suscipit a, feugiat et, eros. Vestibulum ac est lacinia nisi venenatis tristique. Fusce congue, diam id ornare imperdiet, sapien urna pretium nisl, ut volutpat sapien arcu sed augue. Aliquam erat volutpat. In congue. Etiam justo. Etiam pretium iaculis justo. In hac habitasse platea dictumst.', 'projects/Screenshot_1.png', 100);
insert into ProjectsHub_project (id, project_name,  project_description,  project_file, registration_id) values (84, 'Nader LLC', 'Duis bibendum, felis sed interdum venenatis, turpis enim blandit mi, in porttitor pede justo eu massa. Donec dapibus. Duis at velit eu est congue elementum. In hac habitasse platea dictumst. Morbi vestibulum, velit id pretium iaculis, diam erat fermentum justo, nec condimentum neque sapien placerat ante. Nulla justo. Aliquam quis turpis eget elit sodales scelerisque.', 'projects/Screenshot_1.png', 75);
insert into ProjectsHub_project (id, project_name,  project_description,  project_file, registration_id) values (85, 'Shanahan Group', 'Ut at dolor quis odio consequat varius. Integer ac leo. Pellentesque ultrices mattis odio. Donec vitae nisi. Nam ultrices, libero non mattis pulvinar, nulla pede ullamcorper augue, a suscipit nulla elit ac nulla. Sed vel enim sit amet nunc viverra dapibus. Nulla suscipit ligula in lacus.', 'projects/Screenshot_1.png', 59);
insert into ProjectsHub_project (id, project_name,  project_description,  project_file, registration_id) values (86, 'Jacobs-Schiller', 'Pellentesque at nulla. Suspendisse potenti.', 'projects/Screenshot_1.png', 54);
insert into ProjectsHub_project (id, project_name,  project_description,  project_file, registration_id) values (87, 'Batz and Sons', 'Etiam pretium iaculis justo. In hac habitasse platea dictumst. Etiam faucibus cursus urna. Ut tellus.', 'projects/Screenshot_1.png', 63);
insert into ProjectsHub_project (id, project_name,  project_description,  project_file, registration_id) values (88, 'Barton Inc', 'Nulla suscipit ligula in lacus. Curabitur at ipsum ac tellus semper interdum. Mauris ullamcorper purus sit amet nulla.', 'projects/Screenshot_1.png', 61);
insert into ProjectsHub_project (id, project_name,  project_description,  project_file, registration_id) values (89, 'Lemke, Wilkinson and Batz', 'In sagittis dui vel nisl.', 'projects/Screenshot_1.png', 17);
insert into ProjectsHub_project (id, project_name,  project_description,  project_file, registration_id) values (90, 'Welch, Greenfelder and Beier', 'Mauris enim leo, rhoncus sed, vestibulum sit amet, cursus id, turpis. Integer aliquet, massa id lobortis convallis, tortor risus dapibus augue, vel accumsan tellus nisi eu orci. Mauris lacinia sapien quis libero. Nullam sit amet turpis elementum ligula vehicula consequat. Morbi a ipsum. Integer a nibh. In quis justo. Maecenas rhoncus aliquam lacus. Morbi quis tortor id nulla ultrices aliquet. Maecenas leo odio, condimentum id, luctus nec, molestie sed, justo.', 'projects/Screenshot_1.png', 96);
insert into ProjectsHub_project (id, project_name,  project_description,  project_file, registration_id) values (91, 'Olson, Rogahn and Huel', 'Lorem ipsum dolor sit amet, consectetuer adipiscing elit. Proin interdum mauris non ligula pellentesque ultrices. Phasellus id sapien in sapien iaculis congue. Vivamus metus arcu, adipiscing molestie, hendrerit at, vulputate vitae, nisl. Aenean lectus. Pellentesque eget nunc. Donec quis orci eget orci vehicula condimentum.', 'projects/Screenshot_1.png', 15);
insert into ProjectsHub_project (id, project_name,  project_description,  project_file, registration_id) values (92, 'Casper-Trantow', 'Curabitur gravida nisi at nibh. In hac habitasse platea dictumst. Aliquam augue quam, sollicitudin vitae, consectetuer eget, rutrum at, lorem.', 'projects/Screenshot_1.png', 7);
insert into ProjectsHub_project (id, project_name,  project_description,  project_file, registration_id) values (93, 'Jones, O''Keefe and Rice', 'Morbi ut odio. Cras mi pede, malesuada in, imperdiet et, commodo vulputate, justo. In blandit ultrices enim. Lorem ipsum dolor sit amet, consectetuer adipiscing elit. Proin interdum mauris non ligula pellentesque ultrices. Phasellus id sapien in sapien iaculis congue. Vivamus metus arcu, adipiscing molestie, hendrerit at, vulputate vitae, nisl. Aenean lectus. Pellentesque eget nunc.', 'projects/Screenshot_1.png', 30);
insert into ProjectsHub_project (id, project_name,  project_description,  project_file, registration_id) values (94, 'Corkery-O''Reilly', 'Aliquam non mauris. Morbi non lectus. Aliquam sit amet diam in magna bibendum imperdiet. Nullam orci pede, venenatis non, sodales sed, tincidunt eu, felis. Fusce posuere felis sed lacus. Morbi sem mauris, laoreet ut, rhoncus aliquet, pulvinar sed, nisl. Nunc rhoncus dui vel sem. Sed sagittis.', 'projects/Screenshot_1.png', 21);
insert into ProjectsHub_project (id, project_name,  project_description,  project_file, registration_id) values (95, 'Padberg Inc', 'Phasellus in felis. Donec semper sapien a libero. Nam dui. Proin leo odio, porttitor id, consequat in, consequat ut, nulla. Sed accumsan felis. Ut at dolor quis odio consequat varius. Integer ac leo. Pellentesque ultrices mattis odio. Donec vitae nisi. Nam ultrices, libero non mattis pulvinar, nulla pede ullamcorper augue, a suscipit nulla elit ac nulla.', 'projects/Screenshot_1.png', 59);
insert into ProjectsHub_project (id, project_name,  project_description,  project_file, registration_id) values (96, 'Grady-Dickinson', 'Phasellus id sapien in sapien iaculis congue. Vivamus metus arcu, adipiscing molestie, hendrerit at, vulputate vitae, nisl. Aenean lectus.', 'projects/Screenshot_1.png', 97);
insert into ProjectsHub_project (id, project_name,  project_description,  project_file, registration_id) values (97, 'Howell-Quitzon', 'Cras mi pede, malesuada in, imperdiet et, commodo vulputate, justo. In blandit ultrices enim. Lorem ipsum dolor sit amet, consectetuer adipiscing elit. Proin interdum mauris non ligula pellentesque ultrices. Phasellus id sapien in sapien iaculis congue. Vivamus metus arcu, adipiscing molestie, hendrerit at, vulputate vitae, nisl. Aenean lectus. Pellentesque eget nunc. Donec quis orci eget orci vehicula condimentum.', 'projects/Screenshot_1.png', 31);
insert into ProjectsHub_project (id, project_name,  project_description,  project_file, registration_id) values (98, 'Hermann LLC', 'Aliquam non mauris. Morbi non lectus. Aliquam sit amet diam in magna bibendum imperdiet. Nullam orci pede, venenatis non, sodales sed, tincidunt eu, felis. Fusce posuere felis sed lacus. Morbi sem mauris, laoreet ut, rhoncus aliquet, pulvinar sed, nisl. Nunc rhoncus dui vel sem. Sed sagittis.', 'projects/Screenshot_1.png', 80);
insert into ProjectsHub_project (id, project_name,  project_description,  project_file, registration_id) values (99, 'Bergnaum-Klein', 'Maecenas pulvinar lobortis est. Phasellus sit amet erat. Nulla tempus. Vivamus in felis eu sapien cursus vestibulum. Proin eu mi. Nulla ac enim. In tempor, turpis nec euismod scelerisque, quam turpis adipiscing lorem, vitae mattis nibh ligula nec sem. Duis aliquam convallis nunc. Proin at turpis a pede posuere nonummy. Integer non velit.', 'projects/Screenshot_1.png', 68);
insert into ProjectsHub_project (id, project_name,  project_description,  project_file, registration_id) values (100, 'Schmidt and Sons', 'Vestibulum rutrum rutrum neque. Aenean auctor gravida sem. Praesent id massa id nisl venenatis lacinia. Aenean sit amet justo. Morbi ut odio. Cras mi pede, malesuada in, imperdiet et, commodo vulputate, justo. In blandit ultrices enim. Lorem ipsum dolor sit amet, consectetuer adipiscing elit.', 'projects/Screenshot_1.png', 71);
insert into ProjectsHub_project (id, project_name,  project_description,  project_file, registration_id) values (101, 'Becker Inc', 'Vivamus vel nulla eget eros elementum pellentesque. Quisque porta volutpat erat. Quisque erat eros, viverra eget, congue eget, semper rutrum, nulla. Nunc purus. Phasellus in felis.', 'projects/Screenshot_1.png', 55);
insert into ProjectsHub_project (id, project_name,  project_description,  project_file, registration_id) values (102, 'Bailey-Dare', 'Cras non velit nec nisi vulputate nonummy. Maecenas tincidunt lacus at velit. Vivamus vel nulla eget eros elementum pellentesque. Quisque porta volutpat erat. Quisque erat eros, viverra eget, congue eget, semper rutrum, nulla. Nunc purus. Phasellus in felis. Donec semper sapien a libero. Nam dui. Proin leo odio, porttitor id, consequat in, consequat ut, nulla.', 'projects/Screenshot_1.png', 56);
insert into ProjectsHub_project (id, project_name,  project_description,  project_file, registration_id) values (103, 'Boehm, Price and VonRueden', 'In blandit ultrices enim. Lorem ipsum dolor sit amet, consectetuer adipiscing elit. Proin interdum mauris non ligula pellentesque ultrices. Phasellus id sapien in sapien iaculis congue. Vivamus metus arcu, adipiscing molestie, hendrerit at, vulputate vitae, nisl. Aenean lectus. Pellentesque eget nunc. Donec quis orci eget orci vehicula condimentum. Curabitur in libero ut massa volutpat convallis.', 'projects/Screenshot_1.png', 28);
insert into ProjectsHub_project (id, project_name,  project_description,  project_file, registration_id) values (104, 'Ruecker-Mueller', 'Cum sociis natoque penatibus et magnis dis parturient montes, nascetur ridiculus mus. Etiam vel augue. Vestibulum rutrum rutrum neque. Aenean auctor gravida sem. Praesent id massa id nisl venenatis lacinia. Aenean sit amet justo. Morbi ut odio. Cras mi pede, malesuada in, imperdiet et, commodo vulputate, justo. In blandit ultrices enim.', 'projects/Screenshot_1.png', 59);
insert into ProjectsHub_project (id, project_name,  project_description,  project_file, registration_id) values (105, 'Simonis-Homenick', 'In est risus, auctor sed, tristique in, tempus sit amet, sem. Fusce consequat. Nulla nisl. Nunc nisl. Duis bibendum, felis sed interdum venenatis, turpis enim blandit mi, in porttitor pede justo eu massa. Donec dapibus. Duis at velit eu est congue elementum. In hac habitasse platea dictumst. Morbi vestibulum, velit id pretium iaculis, diam erat fermentum justo, nec condimentum neque sapien placerat ante. Nulla justo.', 'projects/Screenshot_1.png', 19);
insert into ProjectsHub_project (id, project_name,  project_description,  project_file, registration_id) values (106, 'Littel Group', 'Nulla tellus. In sagittis dui vel nisl. Duis ac nibh. Fusce lacus purus, aliquet at, feugiat non, pretium quis, lectus. Suspendisse potenti. In eleifend quam a odio. In hac habitasse platea dictumst. Maecenas ut massa quis augue luctus tincidunt. Nulla mollis molestie lorem. Quisque ut erat.', 'projects/Screenshot_1.png', 59);
insert into ProjectsHub_project (id, project_name,  project_description,  project_file, registration_id) values (107, 'Runte, Tillman and Kutch', 'Integer aliquet, massa id lobortis convallis, tortor risus dapibus augue, vel accumsan tellus nisi eu orci. Mauris lacinia sapien quis libero. Nullam sit amet turpis elementum ligula vehicula consequat. Morbi a ipsum. Integer a nibh. In quis justo. Maecenas rhoncus aliquam lacus.', 'projects/Screenshot_1.png', 30);
insert into ProjectsHub_project (id, project_name,  project_description,  project_file, registration_id) values (108, 'Reichel, Blick and Fadel', 'Vivamus in felis eu sapien cursus vestibulum. Proin eu mi. Nulla ac enim.', 'projects/Screenshot_1.png', 85);
insert into ProjectsHub_project (id, project_name,  project_description,  project_file, registration_id) values (109, 'Mills Group', 'Morbi odio odio, elementum eu, interdum eu, tincidunt in, leo. Maecenas pulvinar lobortis est.', 'projects/Screenshot_1.png', 45);
insert into ProjectsHub_project (id, project_name,  project_description,  project_file, registration_id) values (110, 'Jerde-Anderson', 'Vivamus vel nulla eget eros elementum pellentesque. Quisque porta volutpat erat. Quisque erat eros, viverra eget, congue eget, semper rutrum, nulla. Nunc purus. Phasellus in felis. Donec semper sapien a libero. Nam dui. Proin leo odio, porttitor id, consequat in, consequat ut, nulla. Sed accumsan felis.', 'projects/Screenshot_1.png', 97);
insert into ProjectsHub_project (id, project_name,  project_description,  project_file, registration_id) values (111, 'Lakin and Sons', 'Vestibulum ante ipsum primis in faucibus orci luctus et ultrices posuere cubilia Curae; Nulla dapibus dolor vel est. Donec odio justo, sollicitudin ut, suscipit a, feugiat et, eros. Vestibulum ac est lacinia nisi venenatis tristique. Fusce congue, diam id ornare imperdiet, sapien urna pretium nisl, ut volutpat sapien arcu sed augue. Aliquam erat volutpat. In congue. Etiam justo. Etiam pretium iaculis justo.', 'projects/Screenshot_1.png', 96);
insert into ProjectsHub_project (id, project_name,  project_description,  project_file, registration_id) values (112, 'Towne, Jenkins and Koepp', 'Suspendisse potenti. Cras in purus eu magna vulputate luctus. Cum sociis natoque penatibus et magnis dis parturient montes, nascetur ridiculus mus. Vivamus vestibulum sagittis sapien. Cum sociis natoque penatibus et magnis dis parturient montes, nascetur ridiculus mus. Etiam vel augue.', 'projects/Screenshot_1.png', 60);
insert into ProjectsHub_project (id, project_name,  project_description,  project_file, registration_id) values (113, 'Reilly and Sons', 'Proin risus. Praesent lectus. Vestibulum quam sapien, varius ut, blandit non, interdum in, ante. Vestibulum ante ipsum primis in faucibus orci luctus et ultrices posuere cubilia Curae; Duis faucibus accumsan odio. Curabitur convallis. Duis consequat dui nec nisi volutpat eleifend. Donec ut dolor. Morbi vel lectus in quam fringilla rhoncus. Mauris enim leo, rhoncus sed, vestibulum sit amet, cursus id, turpis. Integer aliquet, massa id lobortis convallis, tortor risus dapibus augue, vel accumsan tellus nisi eu orci.', 'projects/Screenshot_1.png', 11);
insert into ProjectsHub_project (id, project_name,  project_description,  project_file, registration_id) values (114, 'Kuphal-Roob', 'Nunc rhoncus dui vel sem. Sed sagittis. Nam congue, risus semper porta volutpat, quam pede lobortis ligula, sit amet eleifend pede libero quis orci. Nullam molestie nibh in lectus. Pellentesque at nulla. Suspendisse potenti. Cras in purus eu magna vulputate luctus.', 'projects/Screenshot_1.png', 82);
insert into ProjectsHub_project (id, project_name,  project_description,  project_file, registration_id) values (115, 'Ryan Group', 'Morbi odio odio, elementum eu, interdum eu, tincidunt in, leo. Maecenas pulvinar lobortis est. Phasellus sit amet erat. Nulla tempus. Vivamus in felis eu sapien cursus vestibulum. Proin eu mi. Nulla ac enim. In tempor, turpis nec euismod scelerisque, quam turpis adipiscing lorem, vitae mattis nibh ligula nec sem.', 'projects/Screenshot_1.png', 37);
insert into ProjectsHub_project (id, project_name,  project_description,  project_file, registration_id) values (116, 'Rutherford, Kerluke and Cole', 'Curabitur in libero ut massa volutpat convallis.', 'projects/Screenshot_1.png', 19);
insert into ProjectsHub_project (id, project_name,  project_description,  project_file, registration_id) values (117, 'Ortiz, Bogan and Farrell', 'Integer aliquet, massa id lobortis convallis, tortor risus dapibus augue, vel accumsan tellus nisi eu orci. Mauris lacinia sapien quis libero. Nullam sit amet turpis elementum ligula vehicula consequat. Morbi a ipsum. Integer a nibh. In quis justo. Maecenas rhoncus aliquam lacus. Morbi quis tortor id nulla ultrices aliquet. Maecenas leo odio, condimentum id, luctus nec, molestie sed, justo.', 'projects/Screenshot_1.png', 92);
insert into ProjectsHub_project (id, project_name,  project_description,  project_file, registration_id) values (118, 'O''Kon, Block and Ferry', 'Suspendisse ornare consequat lectus. In est risus, auctor sed, tristique in, tempus sit amet, sem. Fusce consequat.', 'projects/Screenshot_1.png', 3);
insert into ProjectsHub_project (id, project_name,  project_description,  project_file, registration_id) values (119, 'Prohaska Inc', 'Donec vitae nisi. Nam ultrices, libero non mattis pulvinar, nulla pede ullamcorper augue, a suscipit nulla elit ac nulla. Sed vel enim sit amet nunc viverra dapibus.', 'projects/Screenshot_1.png', 6);
insert into ProjectsHub_project (id, project_name,  project_description,  project_file, registration_id) values (120, 'O''Conner and Sons', 'Vivamus tortor. Duis mattis egestas metus. Aenean fermentum. Donec ut mauris eget massa tempor convallis. Nulla neque libero, convallis eget, eleifend luctus, ultricies eu, nibh. Quisque id justo sit amet sapien dignissim vestibulum. Vestibulum ante ipsum primis in faucibus orci luctus et ultrices posuere cubilia Curae; Nulla dapibus dolor vel est. Donec odio justo, sollicitudin ut, suscipit a, feugiat et, eros. Vestibulum ac est lacinia nisi venenatis tristique. Fusce congue, diam id ornare imperdiet, sapien urna pretium nisl, ut volutpat sapien arcu sed augue.', 'projects/Screenshot_1.png', 63);
insert into ProjectsHub_project (id, project_name,  project_description,  project_file, registration_id) values (121, 'Williamson-Ferry', 'Proin leo odio, porttitor id, consequat in, consequat ut, nulla. Sed accumsan felis. Ut at dolor quis odio consequat varius. Integer ac leo. Pellentesque ultrices mattis odio.', 'projects/Screenshot_1.png', 79);
insert into ProjectsHub_project (id, project_name,  project_description,  project_file, registration_id) values (122, 'Gutmann-Zemlak', 'Mauris lacinia sapien quis libero. Nullam sit amet turpis elementum ligula vehicula consequat. Morbi a ipsum. Integer a nibh. In quis justo. Maecenas rhoncus aliquam lacus. Morbi quis tortor id nulla ultrices aliquet. Maecenas leo odio, condimentum id, luctus nec, molestie sed, justo. Pellentesque viverra pede ac diam. Cras pellentesque volutpat dui.', 'projects/Screenshot_1.png', 44);
insert into ProjectsHub_project (id, project_name,  project_description,  project_file, registration_id) values (123, 'Murphy, Frami and Strosin', 'Mauris lacinia sapien quis libero. Nullam sit amet turpis elementum ligula vehicula consequat.', 'projects/Screenshot_1.png', 12);
insert into ProjectsHub_project (id, project_name,  project_description,  project_file, registration_id) values (124, 'Grady-Hoeger', 'Cras non velit nec nisi vulputate nonummy. Maecenas tincidunt lacus at velit. Vivamus vel nulla eget eros elementum pellentesque. Quisque porta volutpat erat. Quisque erat eros, viverra eget, congue eget, semper rutrum, nulla. Nunc purus. Phasellus in felis. Donec semper sapien a libero.', 'projects/Screenshot_1.png', 55);
insert into ProjectsHub_project (id, project_name,  project_description,  project_file, registration_id) values (125, 'Hartmann Group', 'Morbi sem mauris, laoreet ut, rhoncus aliquet, pulvinar sed, nisl. Nunc rhoncus dui vel sem. Sed sagittis. Nam congue, risus semper porta volutpat, quam pede lobortis ligula, sit amet eleifend pede libero quis orci.', 'projects/Screenshot_1.png', 52);
insert into ProjectsHub_project (id, project_name,  project_description,  project_file, registration_id) values (126, 'Bergstrom, Sporer and Kertzmann', 'Ut tellus. Nulla ut erat id mauris vulputate elementum. Nullam varius. Nulla facilisi. Cras non velit nec nisi vulputate nonummy. Maecenas tincidunt lacus at velit.', 'projects/Screenshot_1.png', 51);
insert into ProjectsHub_project (id, project_name,  project_description,  project_file, registration_id) values (127, 'Thompson-Gusikowski', 'Morbi quis tortor id nulla ultrices aliquet. Maecenas leo odio, condimentum id, luctus nec, molestie sed, justo. Pellentesque viverra pede ac diam.', 'projects/Screenshot_1.png', 32);
insert into ProjectsHub_project (id, project_name,  project_description,  project_file, registration_id) values (128, 'Hayes-Reichel', 'Suspendisse potenti. Nullam porttitor lacus at turpis. Donec posuere metus vitae ipsum. Aliquam non mauris. Morbi non lectus. Aliquam sit amet diam in magna bibendum imperdiet. Nullam orci pede, venenatis non, sodales sed, tincidunt eu, felis. Fusce posuere felis sed lacus. Morbi sem mauris, laoreet ut, rhoncus aliquet, pulvinar sed, nisl.', 'projects/Screenshot_1.png', 76);
insert into ProjectsHub_project (id, project_name,  project_description,  project_file, registration_id) values (129, 'Runolfsson-Quitzon', 'Donec vitae nisi. Nam ultrices, libero non mattis pulvinar, nulla pede ullamcorper augue, a suscipit nulla elit ac nulla. Sed vel enim sit amet nunc viverra dapibus. Nulla suscipit ligula in lacus.', 'projects/Screenshot_1.png', 61);
insert into ProjectsHub_project (id, project_name,  project_description,  project_file, registration_id) values (130, 'Grant, Bode and Von', 'Cum sociis natoque penatibus et magnis dis parturient montes, nascetur ridiculus mus. Etiam vel augue. Vestibulum rutrum rutrum neque. Aenean auctor gravida sem. Praesent id massa id nisl venenatis lacinia. Aenean sit amet justo.', 'projects/Screenshot_1.png', 79);
insert into ProjectsHub_project (id, project_name,  project_description,  project_file, registration_id) values (131, 'Robel LLC', 'Donec dapibus. Duis at velit eu est congue elementum. In hac habitasse platea dictumst. Morbi vestibulum, velit id pretium iaculis, diam erat fermentum justo, nec condimentum neque sapien placerat ante. Nulla justo. Aliquam quis turpis eget elit sodales scelerisque. Mauris sit amet eros.', 'projects/Screenshot_1.png', 99);
insert into ProjectsHub_project (id, project_name,  project_description,  project_file, registration_id) values (132, 'Greenfelder LLC', 'Praesent id massa id nisl venenatis lacinia. Aenean sit amet justo. Morbi ut odio. Cras mi pede, malesuada in, imperdiet et, commodo vulputate, justo. In blandit ultrices enim. Lorem ipsum dolor sit amet, consectetuer adipiscing elit. Proin interdum mauris non ligula pellentesque ultrices. Phasellus id sapien in sapien iaculis congue. Vivamus metus arcu, adipiscing molestie, hendrerit at, vulputate vitae, nisl. Aenean lectus.', 'projects/Screenshot_1.png', 30);
insert into ProjectsHub_project (id, project_name,  project_description,  project_file, registration_id) values (133, 'Bernhard Group', 'Morbi non lectus. Aliquam sit amet diam in magna bibendum imperdiet. Nullam orci pede, venenatis non, sodales sed, tincidunt eu, felis. Fusce posuere felis sed lacus. Morbi sem mauris, laoreet ut, rhoncus aliquet, pulvinar sed, nisl. Nunc rhoncus dui vel sem. Sed sagittis. Nam congue, risus semper porta volutpat, quam pede lobortis ligula, sit amet eleifend pede libero quis orci. Nullam molestie nibh in lectus.', 'projects/Screenshot_1.png', 57);
insert into ProjectsHub_project (id, project_name,  project_description,  project_file, registration_id) values (134, 'Stamm Inc', 'Phasellus id sapien in sapien iaculis congue. Vivamus metus arcu, adipiscing molestie, hendrerit at, vulputate vitae, nisl. Aenean lectus. Pellentesque eget nunc. Donec quis orci eget orci vehicula condimentum. Curabitur in libero ut massa volutpat convallis. Morbi odio odio, elementum eu, interdum eu, tincidunt in, leo. Maecenas pulvinar lobortis est. Phasellus sit amet erat.', 'projects/Screenshot_1.png', 72);
insert into ProjectsHub_project (id, project_name,  project_description,  project_file, registration_id) values (135, 'Cremin, Torp and Nikolaus', 'Mauris enim leo, rhoncus sed, vestibulum sit amet, cursus id, turpis. Integer aliquet, massa id lobortis convallis, tortor risus dapibus augue, vel accumsan tellus nisi eu orci. Mauris lacinia sapien quis libero. Nullam sit amet turpis elementum ligula vehicula consequat. Morbi a ipsum. Integer a nibh. In quis justo. Maecenas rhoncus aliquam lacus.', 'projects/Screenshot_1.png', 65);
insert into ProjectsHub_project (id, project_name,  project_description,  project_file, registration_id) values (136, 'Brakus LLC', 'Duis consequat dui nec nisi volutpat eleifend.', 'projects/Screenshot_1.png', 53);
insert into ProjectsHub_project (id, project_name,  project_description,  project_file, registration_id) values (137, 'Cruickshank-Kuhlman', 'Etiam faucibus cursus urna.', 'projects/Screenshot_1.png', 16);
insert into ProjectsHub_project (id, project_name,  project_description,  project_file, registration_id) values (138, 'Jones LLC', 'In hac habitasse platea dictumst. Morbi vestibulum, velit id pretium iaculis, diam erat fermentum justo, nec condimentum neque sapien placerat ante. Nulla justo. Aliquam quis turpis eget elit sodales scelerisque. Mauris sit amet eros. Suspendisse accumsan tortor quis turpis. Sed ante. Vivamus tortor. Duis mattis egestas metus.', 'projects/Screenshot_1.png', 85);
insert into ProjectsHub_project (id, project_name,  project_description,  project_file, registration_id) values (139, 'Lind and Sons', 'Cum sociis natoque penatibus et magnis dis parturient montes, nascetur ridiculus mus. Etiam vel augue. Vestibulum rutrum rutrum neque. Aenean auctor gravida sem.', 'projects/Screenshot_1.png', 15);
insert into ProjectsHub_project (id, project_name,  project_description,  project_file, registration_id) values (140, 'Cartwright-Dibbert', 'Aenean lectus. Pellentesque eget nunc. Donec quis orci eget orci vehicula condimentum. Curabitur in libero ut massa volutpat convallis. Morbi odio odio, elementum eu, interdum eu, tincidunt in, leo. Maecenas pulvinar lobortis est. Phasellus sit amet erat. Nulla tempus.', 'projects/Screenshot_1.png', 37);
insert into ProjectsHub_project (id, project_name,  project_description,  project_file, registration_id) values (141, 'Kunze Inc', 'Suspendisse potenti. Nullam porttitor lacus at turpis.', 'projects/Screenshot_1.png', 74);
insert into ProjectsHub_project (id, project_name,  project_description,  project_file, registration_id) values (142, 'Schneider-Bernier', 'Cum sociis natoque penatibus et magnis dis parturient montes, nascetur ridiculus mus. Vivamus vestibulum sagittis sapien. Cum sociis natoque penatibus et magnis dis parturient montes, nascetur ridiculus mus. Etiam vel augue. Vestibulum rutrum rutrum neque. Aenean auctor gravida sem.', 'projects/Screenshot_1.png', 55);
insert into ProjectsHub_project (id, project_name,  project_description,  project_file, registration_id) values (143, 'Batz and Sons', 'Phasellus sit amet erat. Nulla tempus. Vivamus in felis eu sapien cursus vestibulum. Proin eu mi. Nulla ac enim. In tempor, turpis nec euismod scelerisque, quam turpis adipiscing lorem, vitae mattis nibh ligula nec sem.', 'projects/Screenshot_1.png', 65);
insert into ProjectsHub_project (id, project_name,  project_description,  project_file, registration_id) values (144, 'O''Hara and Sons', 'Sed accumsan felis.', 'projects/Screenshot_1.png', 72);
insert into ProjectsHub_project (id, project_name,  project_description,  project_file, registration_id) values (145, 'Bernhard, Bashirian and Abernathy', 'Morbi vestibulum, velit id pretium iaculis, diam erat fermentum justo, nec condimentum neque sapien placerat ante. Nulla justo. Aliquam quis turpis eget elit sodales scelerisque. Mauris sit amet eros. Suspendisse accumsan tortor quis turpis. Sed ante. Vivamus tortor. Duis mattis egestas metus.', 'projects/Screenshot_1.png', 53);
insert into ProjectsHub_project (id, project_name,  project_description,  project_file, registration_id) values (146, 'Ferry-MacGyver', 'Morbi vel lectus in quam fringilla rhoncus. Mauris enim leo, rhoncus sed, vestibulum sit amet, cursus id, turpis. Integer aliquet, massa id lobortis convallis, tortor risus dapibus augue, vel accumsan tellus nisi eu orci. Mauris lacinia sapien quis libero. Nullam sit amet turpis elementum ligula vehicula consequat. Morbi a ipsum. Integer a nibh.', 'projects/Screenshot_1.png', 4);
insert into ProjectsHub_project (id, project_name,  project_description,  project_file, registration_id) values (147, 'Herman Inc', 'Vestibulum quam sapien, varius ut, blandit non, interdum in, ante.', 'projects/Screenshot_1.png', 44);
insert into ProjectsHub_project (id, project_name,  project_description,  project_file, registration_id) values (148, 'Harvey-Marquardt', 'Morbi non lectus. Aliquam sit amet diam in magna bibendum imperdiet. Nullam orci pede, venenatis non, sodales sed, tincidunt eu, felis. Fusce posuere felis sed lacus.', 'projects/Screenshot_1.png', 48);
insert into ProjectsHub_project (id, project_name,  project_description,  project_file, registration_id) values (149, 'Gutmann-Roberts', 'Integer non velit. Donec diam neque, vestibulum eget, vulputate ut, ultrices vel, augue. Vestibulum ante ipsum primis in faucibus orci luctus et ultrices posuere cubilia Curae; Donec pharetra, magna vestibulum aliquet ultrices, erat tortor sollicitudin mi, sit amet lobortis sapien sapien non mi. Integer ac neque. Duis bibendum. Morbi non quam nec dui luctus rutrum. Nulla tellus. In sagittis dui vel nisl. Duis ac nibh.', 'projects/Screenshot_1.png', 61);
insert into ProjectsHub_project (id, project_name,  project_description,  project_file, registration_id) values (150, 'Kuhlman Group', 'Vestibulum sed magna at nunc commodo placerat. Praesent blandit. Nam nulla.', 'projects/Screenshot_1.png', 11);
insert into ProjectsHub_project (id, project_name,  project_description,  project_file, registration_id) values (151, 'Schaden, Goldner and Lueilwitz', 'Suspendisse potenti. In eleifend quam a odio. In hac habitasse platea dictumst. Maecenas ut massa quis augue luctus tincidunt. Nulla mollis molestie lorem. Quisque ut erat.', 'projects/Screenshot_1.png', 14);





